date_id,date,year,month,day,quarter,day_of_week,day_name,month_name,week_of_year,is_weekend
1,2016-12-02,2016,12,2,4,5,Friday,December,48,0
2,2016-12-03,2016,12,3,4,6,Saturday,December,48,1
3,2016-12-04,2016,12,4,4,7,Sunday,December,48,1
4,2016-12-05,2016,12,5,4,1,Monday,December,49,0
5,2016-12-06,2016,12,6,4,2,Tuesday,December,49,0
6,2016-12-07,2016,12,7,4,3,Wednesday,December,49,0
7,2016-12-08,2016,12,8,4,4,Thursday,December,49,0
8,2016-12-09,2016,12,9,4,5,Friday,December,49,0
9,2016-12-10,2016,12,10,4,6,Saturday,December,49,1
10,2016-12-11,2016,12,11,4,7,Sunday,December,49,1
11,2016-12-12,2016,12,12,4,1,Monday,December,50,0
12,2016-12-13,2016,12,13,4,2,Tuesday,December,50,0
13,2016-12-14,2016,12,14,4,3,Wednesday,December,50,0
14,2016-12-15,2016,12,15,4,4,Thursday,December,50,0
15,2016-12-16,2016,12,16,4,5,Friday,December,50,0
16,2016-12-17,2016,12,17,4,6,Saturday,December,50,1
17,2016-12-18,2016,12,18,4,7,Sunday,December,50,1
18,2016-12-19,2016,12,19,4,1,Monday,December,51,0
19,2016-12-20,2016,12,20,4,2,Tuesday,December,51,0
20,2016-12-21,2016,12,21,4,3,Wednesday,December,51,0
21,2016-12-22,2016,12,22,4,4,Thursday,December,51,0
22,2016-12-23,2016,12,23,4,5,Friday,December,51,0
23,2016-12-24,2016,12,24,4,6,Saturday,December,51,1
24,2016-12-25,2016,12,25,4,7,Sunday,December,51,1
25,2016-12-26,2016,12,26,4,1,Monday,December,52,0
26,2016-12-27,2016,12,27,4,2,Tuesday,December,52,0
27,2016-12-28,2016,12,28,4,3,Wednesday,December,52,0
28,2016-12-29,2016,12,29,4,4,Thursday,December,52,0
29,2016-12-30,2016,12,30,4,5,Friday,December,52,0
30,2016-12-31,2016,12,31,4,6,Saturday,December,52,1
31,2017-01-01,2017,1,1,1,7,Sunday,January,52,1
32,2017-01-02,2017,1,2,1,1,Monday,January,1,0
33,2017-01-03,2017,1,3,1,2,Tuesday,January,1,0
34,2017-01-04,2017,1,4,1,3,Wednesday,January,1,0
35,2017-01-05,2017,1,5,1,4,Thursday,January,1,0
36,2017-01-06,2017,1,6,1,5,Friday,January,1,0
37,2017-01-07,2017,1,7,1,6,Saturday,January,1,1
38,2017-01-08,2017,1,8,1,7,Sunday,January,1,1
39,2017-01-09,2017,1,9,1,1,Monday,January,2,0
40,2017-01-10,2017,1,10,1,2,Tuesday,January,2,0
41,2017-01-11,2017,1,11,1,3,Wednesday,January,2,0
42,2017-01-12,2017,1,12,1,4,Thursday,January,2,0
43,2017-01-13,2017,1,13,1,5,Friday,January,2,0
44,2017-01-14,2017,1,14,1,6,Saturday,January,2,1
45,2017-01-15,2017,1,15,1,7,Sunday,January,2,1
46,2017-01-16,2017,1,16,1,1,Monday,January,3,0
47,2017-01-17,2017,1,17,1,2,Tuesday,January,3,0
48,2017-01-18,2017,1,18,1,3,Wednesday,January,3,0
49,2017-01-19,2017,1,19,1,4,Thursday,January,3,0
50,2017-01-20,2017,1,20,1,5,Friday,January,3,0
51,2017-01-21,2017,1,21,1,6,Saturday,January,3,1
52,2017-01-22,2017,1,22,1,7,Sunday,January,3,1
53,2017-01-23,2017,1,23,1,1,Monday,January,4,0
54,2017-01-24,2017,1,24,1,2,Tuesday,January,4,0
55,2017-01-25,2017,1,25,1,3,Wednesday,January,4,0
56,2017-01-26,2017,1,26,1,4,Thursday,January,4,0
57,2017-01-27,2017,1,27,1,5,Friday,January,4,0
58,2017-01-28,2017,1,28,1,6,Saturday,January,4,1
59,2017-01-29,2017,1,29,1,7,Sunday,January,4,1
60,2017-01-30,2017,1,30,1,1,Monday,January,5,0
61,2017-01-31,2017,1,31,1,2,Tuesday,January,5,0
62,2017-02-01,2017,2,1,1,3,Wednesday,February,5,0
63,2017-02-02,2017,2,2,1,4,Thursday,February,5,0
64,2017-02-03,2017,2,3,1,5,Friday,February,5,0
65,2017-02-04,2017,2,4,1,6,Saturday,February,5,1
66,2017-02-05,2017,2,5,1,7,Sunday,February,5,1
67,2017-02-06,2017,2,6,1,1,Monday,February,6,0
68,2017-02-07,2017,2,7,1,2,Tuesday,February,6,0
69,2017-02-08,2017,2,8,1,3,Wednesday,February,6,0
70,2017-02-09,2017,2,9,1,4,Thursday,February,6,0
71,2017-02-10,2017,2,10,1,5,Friday,February,6,0
72,2017-02-11,2017,2,11,1,6,Saturday,February,6,1
73,2017-02-12,2017,2,12,1,7,Sunday,February,6,1
74,2017-02-13,2017,2,13,1,1,Monday,February,7,0
75,2017-02-14,2017,2,14,1,2,Tuesday,February,7,0
76,2017-02-15,2017,2,15,1,3,Wednesday,February,7,0
77,2017-02-16,2017,2,16,1,4,Thursday,February,7,0
78,2017-02-17,2017,2,17,1,5,Friday,February,7,0
79,2017-02-18,2017,2,18,1,6,Saturday,February,7,1
80,2017-02-19,2017,2,19,1,7,Sunday,February,7,1
81,2017-02-20,2017,2,20,1,1,Monday,February,8,0
82,2017-02-21,2017,2,21,1,2,Tuesday,February,8,0
83,2017-02-22,2017,2,22,1,3,Wednesday,February,8,0
84,2017-02-23,2017,2,23,1,4,Thursday,February,8,0
85,2017-02-24,2017,2,24,1,5,Friday,February,8,0
86,2017-02-25,2017,2,25,1,6,Saturday,February,8,1
87,2017-02-26,2017,2,26,1,7,Sunday,February,8,1
88,2017-02-27,2017,2,27,1,1,Monday,February,9,0
89,2017-02-28,2017,2,28,1,2,Tuesday,February,9,0
90,2017-03-01,2017,3,1,1,3,Wednesday,March,9,0
91,2017-03-02,2017,3,2,1,4,Thursday,March,9,0
92,2017-03-03,2017,3,3,1,5,Friday,March,9,0
93,2017-03-04,2017,3,4,1,6,Saturday,March,9,1
94,2017-03-05,2017,3,5,1,7,Sunday,March,9,1
95,2017-03-06,2017,3,6,1,1,Monday,March,10,0
96,2017-03-07,2017,3,7,1,2,Tuesday,March,10,0
97,2017-03-08,2017,3,8,1,3,Wednesday,March,10,0
98,2017-03-09,2017,3,9,1,4,Thursday,March,10,0
99,2017-03-10,2017,3,10,1,5,Friday,March,10,0
100,2017-03-11,2017,3,11,1,6,Saturday,March,10,1
101,2017-03-12,2017,3,12,1,7,Sunday,March,10,1
102,2017-03-13,2017,3,13,1,1,Monday,March,11,0
103,2017-03-14,2017,3,14,1,2,Tuesday,March,11,0
104,2017-03-15,2017,3,15,1,3,Wednesday,March,11,0
105,2017-03-16,2017,3,16,1,4,Thursday,March,11,0
106,2017-03-17,2017,3,17,1,5,Friday,March,11,0
107,2017-03-18,2017,3,18,1,6,Saturday,March,11,1
108,2017-03-19,2017,3,19,1,7,Sunday,March,11,1
109,2017-03-20,2017,3,20,1,1,Monday,March,12,0
110,2017-03-21,2017,3,21,1,2,Tuesday,March,12,0
111,2017-03-22,2017,3,22,1,3,Wednesday,March,12,0
112,2017-03-23,2017,3,23,1,4,Thursday,March,12,0
113,2017-03-24,2017,3,24,1,5,Friday,March,12,0
114,2017-03-25,2017,3,25,1,6,Saturday,March,12,1
115,2017-03-26,2017,3,26,1,7,Sunday,March,12,1
116,2017-03-27,2017,3,27,1,1,Monday,March,13,0
117,2017-03-28,2017,3,28,1,2,Tuesday,March,13,0
118,2017-03-29,2017,3,29,1,3,Wednesday,March,13,0
119,2017-03-30,2017,3,30,1,4,Thursday,March,13,0
120,2017-03-31,2017,3,31,1,5,Friday,March,13,0
121,2017-04-01,2017,4,1,2,6,Saturday,April,13,1
122,2017-04-02,2017,4,2,2,7,Sunday,April,13,1
123,2017-04-03,2017,4,3,2,1,Monday,April,14,0
124,2017-04-04,2017,4,4,2,2,Tuesday,April,14,0
125,2017-04-05,2017,4,5,2,3,Wednesday,April,14,0
126,2017-04-06,2017,4,6,2,4,Thursday,April,14,0
127,2017-04-07,2017,4,7,2,5,Friday,April,14,0
128,2017-04-08,2017,4,8,2,6,Saturday,April,14,1
129,2017-04-09,2017,4,9,2,7,Sunday,April,14,1
130,2017-04-10,2017,4,10,2,1,Monday,April,15,0
131,2017-04-11,2017,4,11,2,2,Tuesday,April,15,0
132,2017-04-12,2017,4,12,2,3,Wednesday,April,15,0
133,2017-04-13,2017,4,13,2,4,Thursday,April,15,0
134,2017-04-14,2017,4,14,2,5,Friday,April,15,0
135,2017-04-15,2017,4,15,2,6,Saturday,April,15,1
136,2017-04-16,2017,4,16,2,7,Sunday,April,15,1
137,2017-04-17,2017,4,17,2,1,Monday,April,16,0
138,2017-04-18,2017,4,18,2,2,Tuesday,April,16,0
139,2017-04-19,2017,4,19,2,3,Wednesday,April,16,0
140,2017-04-20,2017,4,20,2,4,Thursday,April,16,0
141,2017-04-21,2017,4,21,2,5,Friday,April,16,0
142,2017-04-22,2017,4,22,2,6,Saturday,April,16,1
143,2017-04-23,2017,4,23,2,7,Sunday,April,16,1
144,2017-04-24,2017,4,24,2,1,Monday,April,17,0
145,2017-04-25,2017,4,25,2,2,Tuesday,April,17,0
146,2017-04-26,2017,4,26,2,3,Wednesday,April,17,0
147,2017-04-27,2017,4,27,2,4,Thursday,April,17,0
148,2017-04-28,2017,4,28,2,5,Friday,April,17,0
149,2017-04-29,2017,4,29,2,6,Saturday,April,17,1
150,2017-04-30,2017,4,30,2,7,Sunday,April,17,1
151,2017-05-01,2017,5,1,2,1,Monday,May,18,0
152,2017-05-02,2017,5,2,2,2,Tuesday,May,18,0
153,2017-05-03,2017,5,3,2,3,Wednesday,May,18,0
154,2017-05-04,2017,5,4,2,4,Thursday,May,18,0
155,2017-05-05,2017,5,5,2,5,Friday,May,18,0
156,2017-05-06,2017,5,6,2,6,Saturday,May,18,1
157,2017-05-07,2017,5,7,2,7,Sunday,May,18,1
158,2017-05-08,2017,5,8,2,1,Monday,May,19,0
159,2017-05-09,2017,5,9,2,2,Tuesday,May,19,0
160,2017-05-10,2017,5,10,2,3,Wednesday,May,19,0
161,2017-05-11,2017,5,11,2,4,Thursday,May,19,0
162,2017-05-12,2017,5,12,2,5,Friday,May,19,0
163,2017-05-13,2017,5,13,2,6,Saturday,May,19,1
164,2017-05-14,2017,5,14,2,7,Sunday,May,19,1
165,2017-05-15,2017,5,15,2,1,Monday,May,20,0
166,2017-05-16,2017,5,16,2,2,Tuesday,May,20,0
167,2017-05-17,2017,5,17,2,3,Wednesday,May,20,0
168,2017-05-18,2017,5,18,2,4,Thursday,May,20,0
169,2017-05-19,2017,5,19,2,5,Friday,May,20,0
170,2017-05-20,2017,5,20,2,6,Saturday,May,20,1
171,2017-05-21,2017,5,21,2,7,Sunday,May,20,1
172,2017-05-22,2017,5,22,2,1,Monday,May,21,0
173,2017-05-23,2017,5,23,2,2,Tuesday,May,21,0
174,2017-05-24,2017,5,24,2,3,Wednesday,May,21,0
175,2017-05-25,2017,5,25,2,4,Thursday,May,21,0
176,2017-05-26,2017,5,26,2,5,Friday,May,21,0
177,2017-05-27,2017,5,27,2,6,Saturday,May,21,1
178,2017-05-28,2017,5,28,2,7,Sunday,May,21,1
179,2017-05-29,2017,5,29,2,1,Monday,May,22,0
180,2017-05-30,2017,5,30,2,2,Tuesday,May,22,0
181,2017-05-31,2017,5,31,2,3,Wednesday,May,22,0
182,2017-06-01,2017,6,1,2,4,Thursday,June,22,0
183,2017-06-02,2017,6,2,2,5,Friday,June,22,0
184,2017-06-03,2017,6,3,2,6,Saturday,June,22,1
185,2017-06-04,2017,6,4,2,7,Sunday,June,22,1
186,2017-06-05,2017,6,5,2,1,Monday,June,23,0
187,2017-06-06,2017,6,6,2,2,Tuesday,June,23,0
188,2017-06-07,2017,6,7,2,3,Wednesday,June,23,0
189,2017-06-08,2017,6,8,2,4,Thursday,June,23,0
190,2017-06-09,2017,6,9,2,5,Friday,June,23,0
191,2017-06-10,2017,6,10,2,6,Saturday,June,23,1
192,2017-06-11,2017,6,11,2,7,Sunday,June,23,1
193,2017-06-12,2017,6,12,2,1,Monday,June,24,0
194,2017-06-13,2017,6,13,2,2,Tuesday,June,24,0
195,2017-06-14,2017,6,14,2,3,Wednesday,June,24,0
196,2017-06-15,2017,6,15,2,4,Thursday,June,24,0
197,2017-06-16,2017,6,16,2,5,Friday,June,24,0
198,2017-06-17,2017,6,17,2,6,Saturday,June,24,1
199,2017-06-18,2017,6,18,2,7,Sunday,June,24,1
200,2017-06-19,2017,6,19,2,1,Monday,June,25,0
201,2017-06-20,2017,6,20,2,2,Tuesday,June,25,0
202,2017-06-21,2017,6,21,2,3,Wednesday,June,25,0
203,2017-06-22,2017,6,22,2,4,Thursday,June,25,0
204,2017-06-23,2017,6,23,2,5,Friday,June,25,0
205,2017-06-24,2017,6,24,2,6,Saturday,June,25,1
206,2017-06-25,2017,6,25,2,7,Sunday,June,25,1
207,2017-06-26,2017,6,26,2,1,Monday,June,26,0
208,2017-06-27,2017,6,27,2,2,Tuesday,June,26,0
209,2017-06-28,2017,6,28,2,3,Wednesday,June,26,0
210,2017-06-29,2017,6,29,2,4,Thursday,June,26,0
211,2017-06-30,2017,6,30,2,5,Friday,June,26,0
212,2017-07-01,2017,7,1,3,6,Saturday,July,26,1
213,2017-07-02,2017,7,2,3,7,Sunday,July,26,1
214,2017-07-03,2017,7,3,3,1,Monday,July,27,0
215,2017-07-04,2017,7,4,3,2,Tuesday,July,27,0
216,2017-07-05,2017,7,5,3,3,Wednesday,July,27,0
217,2017-07-06,2017,7,6,3,4,Thursday,July,27,0
218,2017-07-07,2017,7,7,3,5,Friday,July,27,0
219,2017-07-08,2017,7,8,3,6,Saturday,July,27,1
220,2017-07-09,2017,7,9,3,7,Sunday,July,27,1
221,2017-07-10,2017,7,10,3,1,Monday,July,28,0
222,2017-07-11,2017,7,11,3,2,Tuesday,July,28,0
223,2017-07-12,2017,7,12,3,3,Wednesday,July,28,0
224,2017-07-13,2017,7,13,3,4,Thursday,July,28,0
225,2017-07-14,2017,7,14,3,5,Friday,July,28,0
226,2017-07-15,2017,7,15,3,6,Saturday,July,28,1
227,2017-07-16,2017,7,16,3,7,Sunday,July,28,1
228,2017-07-17,2017,7,17,3,1,Monday,July,29,0
229,2017-07-18,2017,7,18,3,2,Tuesday,July,29,0
230,2017-07-19,2017,7,19,3,3,Wednesday,July,29,0
231,2017-07-20,2017,7,20,3,4,Thursday,July,29,0
232,2017-07-21,2017,7,21,3,5,Friday,July,29,0
233,2017-07-22,2017,7,22,3,6,Saturday,July,29,1
234,2017-07-23,2017,7,23,3,7,Sunday,July,29,1
235,2017-07-24,2017,7,24,3,1,Monday,July,30,0
236,2017-07-25,2017,7,25,3,2,Tuesday,July,30,0
237,2017-07-26,2017,7,26,3,3,Wednesday,July,30,0
238,2017-07-27,2017,7,27,3,4,Thursday,July,30,0
239,2017-07-28,2017,7,28,3,5,Friday,July,30,0
240,2017-07-29,2017,7,29,3,6,Saturday,July,30,1
241,2017-07-30,2017,7,30,3,7,Sunday,July,30,1
242,2017-07-31,2017,7,31,3,1,Monday,July,31,0
243,2017-08-01,2017,8,1,3,2,Tuesday,August,31,0
244,2017-08-02,2017,8,2,3,3,Wednesday,August,31,0
245,2017-08-03,2017,8,3,3,4,Thursday,August,31,0
246,2017-08-04,2017,8,4,3,5,Friday,August,31,0
247,2017-08-05,2017,8,5,3,6,Saturday,August,31,1
248,2017-08-06,2017,8,6,3,7,Sunday,August,31,1
249,2017-08-07,2017,8,7,3,1,Monday,August,32,0
250,2017-08-08,2017,8,8,3,2,Tuesday,August,32,0
251,2017-08-09,2017,8,9,3,3,Wednesday,August,32,0
252,2017-08-10,2017,8,10,3,4,Thursday,August,32,0
253,2017-08-11,2017,8,11,3,5,Friday,August,32,0
254,2017-08-12,2017,8,12,3,6,Saturday,August,32,1
255,2017-08-13,2017,8,13,3,7,Sunday,August,32,1
256,2017-08-14,2017,8,14,3,1,Monday,August,33,0
257,2017-08-15,2017,8,15,3,2,Tuesday,August,33,0
258,2017-08-16,2017,8,16,3,3,Wednesday,August,33,0
259,2017-08-17,2017,8,17,3,4,Thursday,August,33,0
260,2017-08-18,2017,8,18,3,5,Friday,August,33,0
261,2017-08-19,2017,8,19,3,6,Saturday,August,33,1
262,2017-08-20,2017,8,20,3,7,Sunday,August,33,1
263,2017-08-21,2017,8,21,3,1,Monday,August,34,0
264,2017-08-22,2017,8,22,3,2,Tuesday,August,34,0
265,2017-08-23,2017,8,23,3,3,Wednesday,August,34,0
266,2017-08-24,2017,8,24,3,4,Thursday,August,34,0
267,2017-08-25,2017,8,25,3,5,Friday,August,34,0
268,2017-08-26,2017,8,26,3,6,Saturday,August,34,1
269,2017-08-27,2017,8,27,3,7,Sunday,August,34,1
270,2017-08-28,2017,8,28,3,1,Monday,August,35,0
271,2017-08-29,2017,8,29,3,2,Tuesday,August,35,0
272,2017-08-30,2017,8,30,3,3,Wednesday,August,35,0
273,2017-08-31,2017,8,31,3,4,Thursday,August,35,0
274,2017-09-01,2017,9,1,3,5,Friday,September,35,0
275,2017-09-02,2017,9,2,3,6,Saturday,September,35,1
276,2017-09-03,2017,9,3,3,7,Sunday,September,35,1
277,2017-09-04,2017,9,4,3,1,Monday,September,36,0
278,2017-09-05,2017,9,5,3,2,Tuesday,September,36,0
279,2017-09-06,2017,9,6,3,3,Wednesday,September,36,0
280,2017-09-07,2017,9,7,3,4,Thursday,September,36,0
281,2017-09-08,2017,9,8,3,5,Friday,September,36,0
282,2017-09-09,2017,9,9,3,6,Saturday,September,36,1
283,2017-09-10,2017,9,10,3,7,Sunday,September,36,1
284,2017-09-11,2017,9,11,3,1,Monday,September,37,0
285,2017-09-12,2017,9,12,3,2,Tuesday,September,37,0
286,2017-09-13,2017,9,13,3,3,Wednesday,September,37,0
287,2017-09-14,2017,9,14,3,4,Thursday,September,37,0
288,2017-09-15,2017,9,15,3,5,Friday,September,37,0
289,2017-09-16,2017,9,16,3,6,Saturday,September,37,1
290,2017-09-17,2017,9,17,3,7,Sunday,September,37,1
291,2017-09-18,2017,9,18,3,1,Monday,September,38,0
292,2017-09-19,2017,9,19,3,2,Tuesday,September,38,0
293,2017-09-20,2017,9,20,3,3,Wednesday,September,38,0
294,2017-09-21,2017,9,21,3,4,Thursday,September,38,0
295,2017-09-22,2017,9,22,3,5,Friday,September,38,0
296,2017-09-23,2017,9,23,3,6,Saturday,September,38,1
297,2017-09-24,2017,9,24,3,7,Sunday,September,38,1
298,2017-09-25,2017,9,25,3,1,Monday,September,39,0
299,2017-09-26,2017,9,26,3,2,Tuesday,September,39,0
300,2017-09-27,2017,9,27,3,3,Wednesday,September,39,0
301,2017-09-28,2017,9,28,3,4,Thursday,September,39,0
302,2017-09-29,2017,9,29,3,5,Friday,September,39,0
303,2017-09-30,2017,9,30,3,6,Saturday,September,39,1
304,2017-10-01,2017,10,1,4,7,Sunday,October,39,1
305,2017-10-02,2017,10,2,4,1,Monday,October,40,0
306,2017-10-03,2017,10,3,4,2,Tuesday,October,40,0
307,2017-10-04,2017,10,4,4,3,Wednesday,October,40,0
308,2017-10-05,2017,10,5,4,4,Thursday,October,40,0
309,2017-10-06,2017,10,6,4,5,Friday,October,40,0
310,2017-10-07,2017,10,7,4,6,Saturday,October,40,1
311,2017-10-08,2017,10,8,4,7,Sunday,October,40,1
312,2017-10-09,2017,10,9,4,1,Monday,October,41,0
313,2017-10-10,2017,10,10,4,2,Tuesday,October,41,0
314,2017-10-11,2017,10,11,4,3,Wednesday,October,41,0
315,2017-10-12,2017,10,12,4,4,Thursday,October,41,0
316,2017-10-13,2017,10,13,4,5,Friday,October,41,0
317,2017-10-14,2017,10,14,4,6,Saturday,October,41,1
318,2017-10-15,2017,10,15,4,7,Sunday,October,41,1
319,2017-10-16,2017,10,16,4,1,Monday,October,42,0
320,2017-10-17,2017,10,17,4,2,Tuesday,October,42,0
321,2017-10-18,2017,10,18,4,3,Wednesday,October,42,0
322,2017-10-19,2017,10,19,4,4,Thursday,October,42,0
323,2017-10-20,2017,10,20,4,5,Friday,October,42,0
324,2017-10-21,2017,10,21,4,6,Saturday,October,42,1
325,2017-10-22,2017,10,22,4,7,Sunday,October,42,1
326,2017-10-23,2017,10,23,4,1,Monday,October,43,0
327,2017-10-24,2017,10,24,4,2,Tuesday,October,43,0
328,2017-10-25,2017,10,25,4,3,Wednesday,October,43,0
329,2017-10-26,2017,10,26,4,4,Thursday,October,43,0
330,2017-10-27,2017,10,27,4,5,Friday,October,43,0
331,2017-10-28,2017,10,28,4,6,Saturday,October,43,1
332,2017-10-29,2017,10,29,4,7,Sunday,October,43,1
333,2017-10-30,2017,10,30,4,1,Monday,October,44,0
334,2017-10-31,2017,10,31,4,2,Tuesday,October,44,0
335,2017-11-01,2017,11,1,4,3,Wednesday,November,44,0
336,2017-11-02,2017,11,2,4,4,Thursday,November,44,0
337,2017-11-03,2017,11,3,4,5,Friday,November,44,0
338,2017-11-04,2017,11,4,4,6,Saturday,November,44,1
339,2017-11-05,2017,11,5,4,7,Sunday,November,44,1
340,2017-11-06,2017,11,6,4,1,Monday,November,45,0
341,2017-11-07,2017,11,7,4,2,Tuesday,November,45,0
342,2017-11-08,2017,11,8,4,3,Wednesday,November,45,0
343,2017-11-09,2017,11,9,4,4,Thursday,November,45,0
344,2017-11-10,2017,11,10,4,5,Friday,November,45,0
345,2017-11-11,2017,11,11,4,6,Saturday,November,45,1
346,2017-11-12,2017,11,12,4,7,Sunday,November,45,1
347,2017-11-13,2017,11,13,4,1,Monday,November,46,0
348,2017-11-14,2017,11,14,4,2,Tuesday,November,46,0
349,2017-11-15,2017,11,15,4,3,Wednesday,November,46,0
350,2017-11-16,2017,11,16,4,4,Thursday,November,46,0
351,2017-11-17,2017,11,17,4,5,Friday,November,46,0
352,2017-11-18,2017,11,18,4,6,Saturday,November,46,1
353,2017-11-19,2017,11,19,4,7,Sunday,November,46,1
354,2017-11-20,2017,11,20,4,1,Monday,November,47,0
355,2017-11-21,2017,11,21,4,2,Tuesday,November,47,0
356,2017-11-22,2017,11,22,4,3,Wednesday,November,47,0
357,2017-11-23,2017,11,23,4,4,Thursday,November,47,0
358,2017-11-24,2017,11,24,4,5,Friday,November,47,0
359,2017-11-25,2017,11,25,4,6,Saturday,November,47,1
360,2017-11-26,2017,11,26,4,7,Sunday,November,47,1
361,2017-11-27,2017,11,27,4,1,Monday,November,48,0
362,2017-11-28,2017,11,28,4,2,Tuesday,November,48,0
363,2017-11-29,2017,11,29,4,3,Wednesday,November,48,0
364,2017-11-30,2017,11,30,4,4,Thursday,November,48,0
365,2017-12-01,2017,12,1,4,5,Friday,December,48,0
366,2017-12-02,2017,12,2,4,6,Saturday,December,48,1
367,2017-12-03,2017,12,3,4,7,Sunday,December,48,1
368,2017-12-04,2017,12,4,4,1,Monday,December,49,0
369,2017-12-05,2017,12,5,4,2,Tuesday,December,49,0
370,2017-12-06,2017,12,6,4,3,Wednesday,December,49,0
371,2017-12-07,2017,12,7,4,4,Thursday,December,49,0
372,2017-12-08,2017,12,8,4,5,Friday,December,49,0
373,2017-12-09,2017,12,9,4,6,Saturday,December,49,1
374,2017-12-10,2017,12,10,4,7,Sunday,December,49,1
375,2017-12-11,2017,12,11,4,1,Monday,December,50,0
376,2017-12-12,2017,12,12,4,2,Tuesday,December,50,0
377,2017-12-13,2017,12,13,4,3,Wednesday,December,50,0
378,2017-12-14,2017,12,14,4,4,Thursday,December,50,0
379,2017-12-15,2017,12,15,4,5,Friday,December,50,0
380,2017-12-16,2017,12,16,4,6,Saturday,December,50,1
381,2017-12-17,2017,12,17,4,7,Sunday,December,50,1
382,2017-12-18,2017,12,18,4,1,Monday,December,51,0
383,2017-12-19,2017,12,19,4,2,Tuesday,December,51,0
384,2017-12-20,2017,12,20,4,3,Wednesday,December,51,0
385,2017-12-21,2017,12,21,4,4,Thursday,December,51,0
386,2017-12-22,2017,12,22,4,5,Friday,December,51,0
387,2017-12-23,2017,12,23,4,6,Saturday,December,51,1
388,2017-12-24,2017,12,24,4,7,Sunday,December,51,1
389,2017-12-25,2017,12,25,4,1,Monday,December,52,0
390,2017-12-26,2017,12,26,4,2,Tuesday,December,52,0
391,2017-12-27,2017,12,27,4,3,Wednesday,December,52,0
392,2017-12-28,2017,12,28,4,4,Thursday,December,52,0
393,2017-12-29,2017,12,29,4,5,Friday,December,52,0
394,2017-12-30,2017,12,30,4,6,Saturday,December,52,1
395,2017-12-31,2017,12,31,4,7,Sunday,December,52,1
396,2018-01-01,2018,1,1,1,1,Monday,January,1,0
397,2018-01-02,2018,1,2,1,2,Tuesday,January,1,0
398,2018-01-03,2018,1,3,1,3,Wednesday,January,1,0
399,2018-01-04,2018,1,4,1,4,Thursday,January,1,0
400,2018-01-05,2018,1,5,1,5,Friday,January,1,0
401,2018-01-06,2018,1,6,1,6,Saturday,January,1,1
402,2018-01-07,2018,1,7,1,7,Sunday,January,1,1
403,2018-01-08,2018,1,8,1,1,Monday,January,2,0
404,2018-01-09,2018,1,9,1,2,Tuesday,January,2,0
405,2018-01-10,2018,1,10,1,3,Wednesday,January,2,0
406,2018-01-11,2018,1,11,1,4,Thursday,January,2,0
407,2018-01-12,2018,1,12,1,5,Friday,January,2,0
408,2018-01-13,2018,1,13,1,6,Saturday,January,2,1
409,2018-01-14,2018,1,14,1,7,Sunday,January,2,1
410,2018-01-15,2018,1,15,1,1,Monday,January,3,0
411,2018-01-16,2018,1,16,1,2,Tuesday,January,3,0
412,2018-01-17,2018,1,17,1,3,Wednesday,January,3,0
413,2018-01-18,2018,1,18,1,4,Thursday,January,3,0
414,2018-01-19,2018,1,19,1,5,Friday,January,3,0
415,2018-01-20,2018,1,20,1,6,Saturday,January,3,1
416,2018-01-21,2018,1,21,1,7,Sunday,January,3,1
417,2018-01-22,2018,1,22,1,1,Monday,January,4,0
418,2018-01-23,2018,1,23,1,2,Tuesday,January,4,0
419,2018-01-24,2018,1,24,1,3,Wednesday,January,4,0
420,2018-01-25,2018,1,25,1,4,Thursday,January,4,0
421,2018-01-26,2018,1,26,1,5,Friday,January,4,0
422,2018-01-27,2018,1,27,1,6,Saturday,January,4,1
423,2018-01-28,2018,1,28,1,7,Sunday,January,4,1
424,2018-01-29,2018,1,29,1,1,Monday,January,5,0
425,2018-01-30,2018,1,30,1,2,Tuesday,January,5,0
426,2018-01-31,2018,1,31,1,3,Wednesday,January,5,0
427,2018-02-01,2018,2,1,1,4,Thursday,February,5,0
428,2018-02-02,2018,2,2,1,5,Friday,February,5,0
429,2018-02-03,2018,2,3,1,6,Saturday,February,5,1
430,2018-02-04,2018,2,4,1,7,Sunday,February,5,1
431,2018-02-05,2018,2,5,1,1,Monday,February,6,0
432,2018-02-06,2018,2,6,1,2,Tuesday,February,6,0
433,2018-02-07,2018,2,7,1,3,Wednesday,February,6,0
434,2018-02-08,2018,2,8,1,4,Thursday,February,6,0
435,2018-02-09,2018,2,9,1,5,Friday,February,6,0
436,2018-02-10,2018,2,10,1,6,Saturday,February,6,1
437,2018-02-11,2018,2,11,1,7,Sunday,February,6,1
438,2018-02-12,2018,2,12,1,1,Monday,February,7,0
439,2018-02-13,2018,2,13,1,2,Tuesday,February,7,0
440,2018-02-14,2018,2,14,1,3,Wednesday,February,7,0
441,2018-02-15,2018,2,15,1,4,Thursday,February,7,0
442,2018-02-16,2018,2,16,1,5,Friday,February,7,0
443,2018-02-17,2018,2,17,1,6,Saturday,February,7,1
444,2018-02-18,2018,2,18,1,7,Sunday,February,7,1
445,2018-02-19,2018,2,19,1,1,Monday,February,8,0
446,2018-02-20,2018,2,20,1,2,Tuesday,February,8,0
447,2018-02-21,2018,2,21,1,3,Wednesday,February,8,0
448,2018-02-22,2018,2,22,1,4,Thursday,February,8,0
449,2018-02-23,2018,2,23,1,5,Friday,February,8,0
450,2018-02-24,2018,2,24,1,6,Saturday,February,8,1
451,2018-02-25,2018,2,25,1,7,Sunday,February,8,1
452,2018-02-26,2018,2,26,1,1,Monday,February,9,0
453,2018-02-27,2018,2,27,1,2,Tuesday,February,9,0
454,2018-02-28,2018,2,28,1,3,Wednesday,February,9,0
455,2018-03-01,2018,3,1,1,4,Thursday,March,9,0
456,2018-03-02,2018,3,2,1,5,Friday,March,9,0
457,2018-03-03,2018,3,3,1,6,Saturday,March,9,1
458,2018-03-04,2018,3,4,1,7,Sunday,March,9,1
459,2018-03-05,2018,3,5,1,1,Monday,March,10,0
460,2018-03-06,2018,3,6,1,2,Tuesday,March,10,0
461,2018-03-07,2018,3,7,1,3,Wednesday,March,10,0
462,2018-03-08,2018,3,8,1,4,Thursday,March,10,0
463,2018-03-09,2018,3,9,1,5,Friday,March,10,0
464,2018-03-10,2018,3,10,1,6,Saturday,March,10,1
465,2018-03-11,2018,3,11,1,7,Sunday,March,10,1
466,2018-03-12,2018,3,12,1,1,Monday,March,11,0
467,2018-03-13,2018,3,13,1,2,Tuesday,March,11,0
468,2018-03-14,2018,3,14,1,3,Wednesday,March,11,0
469,2018-03-15,2018,3,15,1,4,Thursday,March,11,0
470,2018-03-16,2018,3,16,1,5,Friday,March,11,0
471,2018-03-17,2018,3,17,1,6,Saturday,March,11,1
472,2018-03-18,2018,3,18,1,7,Sunday,March,11,1
473,2018-03-19,2018,3,19,1,1,Monday,March,12,0
474,2018-03-20,2018,3,20,1,2,Tuesday,March,12,0
475,2018-03-21,2018,3,21,1,3,Wednesday,March,12,0
476,2018-03-22,2018,3,22,1,4,Thursday,March,12,0
477,2018-03-23,2018,3,23,1,5,Friday,March,12,0
478,2018-03-24,2018,3,24,1,6,Saturday,March,12,1
479,2018-03-25,2018,3,25,1,7,Sunday,March,12,1
480,2018-03-26,2018,3,26,1,1,Monday,March,13,0
481,2018-03-27,2018,3,27,1,2,Tuesday,March,13,0
482,2018-03-28,2018,3,28,1,3,Wednesday,March,13,0
483,2018-03-29,2018,3,29,1,4,Thursday,March,13,0
484,2018-03-30,2018,3,30,1,5,Friday,March,13,0
485,2018-03-31,2018,3,31,1,6,Saturday,March,13,1
486,2018-04-01,2018,4,1,2,7,Sunday,April,13,1
487,2018-04-02,2018,4,2,2,1,Monday,April,14,0
488,2018-04-03,2018,4,3,2,2,Tuesday,April,14,0
489,2018-04-04,2018,4,4,2,3,Wednesday,April,14,0
490,2018-04-05,2018,4,5,2,4,Thursday,April,14,0
491,2018-04-06,2018,4,6,2,5,Friday,April,14,0
492,2018-04-07,2018,4,7,2,6,Saturday,April,14,1
493,2018-04-08,2018,4,8,2,7,Sunday,April,14,1
494,2018-04-09,2018,4,9,2,1,Monday,April,15,0
495,2018-04-10,2018,4,10,2,2,Tuesday,April,15,0
496,2018-04-11,2018,4,11,2,3,Wednesday,April,15,0
497,2018-04-12,2018,4,12,2,4,Thursday,April,15,0
498,2018-04-13,2018,4,13,2,5,Friday,April,15,0
499,2018-04-14,2018,4,14,2,6,Saturday,April,15,1
500,2018-04-15,2018,4,15,2,7,Sunday,April,15,1
501,2018-04-16,2018,4,16,2,1,Monday,April,16,0
502,2018-04-17,2018,4,17,2,2,Tuesday,April,16,0
503,2018-04-18,2018,4,18,2,3,Wednesday,April,16,0
504,2018-04-19,2018,4,19,2,4,Thursday,April,16,0
505,2018-04-20,2018,4,20,2,5,Friday,April,16,0
506,2018-04-21,2018,4,21,2,6,Saturday,April,16,1
507,2018-04-22,2018,4,22,2,7,Sunday,April,16,1
508,2018-04-23,2018,4,23,2,1,Monday,April,17,0
509,2018-04-24,2018,4,24,2,2,Tuesday,April,17,0
510,2018-04-25,2018,4,25,2,3,Wednesday,April,17,0
511,2018-04-26,2018,4,26,2,4,Thursday,April,17,0
512,2018-04-27,2018,4,27,2,5,Friday,April,17,0
513,2018-04-28,2018,4,28,2,6,Saturday,April,17,1
514,2018-04-29,2018,4,29,2,7,Sunday,April,17,1
515,2018-04-30,2018,4,30,2,1,Monday,April,18,0
516,2018-05-01,2018,5,1,2,2,Tuesday,May,18,0
517,2018-05-02,2018,5,2,2,3,Wednesday,May,18,0
518,2018-05-03,2018,5,3,2,4,Thursday,May,18,0
519,2018-05-04,2018,5,4,2,5,Friday,May,18,0
520,2018-05-05,2018,5,5,2,6,Saturday,May,18,1
521,2018-05-06,2018,5,6,2,7,Sunday,May,18,1
522,2018-05-07,2018,5,7,2,1,Monday,May,19,0
523,2018-05-08,2018,5,8,2,2,Tuesday,May,19,0
524,2018-05-09,2018,5,9,2,3,Wednesday,May,19,0
525,2018-05-10,2018,5,10,2,4,Thursday,May,19,0
526,2018-05-11,2018,5,11,2,5,Friday,May,19,0
527,2018-05-12,2018,5,12,2,6,Saturday,May,19,1
528,2018-05-13,2018,5,13,2,7,Sunday,May,19,1
529,2018-05-14,2018,5,14,2,1,Monday,May,20,0
530,2018-05-15,2018,5,15,2,2,Tuesday,May,20,0
531,2018-05-16,2018,5,16,2,3,Wednesday,May,20,0
532,2018-05-17,2018,5,17,2,4,Thursday,May,20,0
533,2018-05-18,2018,5,18,2,5,Friday,May,20,0
534,2018-05-19,2018,5,19,2,6,Saturday,May,20,1
535,2018-05-20,2018,5,20,2,7,Sunday,May,20,1
536,2018-05-21,2018,5,21,2,1,Monday,May,21,0
537,2018-05-22,2018,5,22,2,2,Tuesday,May,21,0
538,2018-05-23,2018,5,23,2,3,Wednesday,May,21,0
539,2018-05-24,2018,5,24,2,4,Thursday,May,21,0
540,2018-05-25,2018,5,25,2,5,Friday,May,21,0
541,2018-05-26,2018,5,26,2,6,Saturday,May,21,1
542,2018-05-27,2018,5,27,2,7,Sunday,May,21,1
543,2018-05-28,2018,5,28,2,1,Monday,May,22,0
544,2018-05-29,2018,5,29,2,2,Tuesday,May,22,0
545,2018-05-30,2018,5,30,2,3,Wednesday,May,22,0
546,2018-05-31,2018,5,31,2,4,Thursday,May,22,0
547,2018-06-01,2018,6,1,2,5,Friday,June,22,0
548,2018-06-02,2018,6,2,2,6,Saturday,June,22,1
549,2018-06-03,2018,6,3,2,7,Sunday,June,22,1
550,2018-06-04,2018,6,4,2,1,Monday,June,23,0
551,2018-06-05,2018,6,5,2,2,Tuesday,June,23,0
552,2018-06-06,2018,6,6,2,3,Wednesday,June,23,0
553,2018-06-07,2018,6,7,2,4,Thursday,June,23,0
554,2018-06-08,2018,6,8,2,5,Friday,June,23,0
555,2018-06-09,2018,6,9,2,6,Saturday,June,23,1
556,2018-06-10,2018,6,10,2,7,Sunday,June,23,1
557,2018-06-11,2018,6,11,2,1,Monday,June,24,0
558,2018-06-12,2018,6,12,2,2,Tuesday,June,24,0
559,2018-06-13,2018,6,13,2,3,Wednesday,June,24,0
560,2018-06-14,2018,6,14,2,4,Thursday,June,24,0
561,2018-06-15,2018,6,15,2,5,Friday,June,24,0
562,2018-06-16,2018,6,16,2,6,Saturday,June,24,1
563,2018-06-17,2018,6,17,2,7,Sunday,June,24,1
564,2018-06-18,2018,6,18,2,1,Monday,June,25,0
565,2018-06-19,2018,6,19,2,2,Tuesday,June,25,0
566,2018-06-20,2018,6,20,2,3,Wednesday,June,25,0
567,2018-06-21,2018,6,21,2,4,Thursday,June,25,0
568,2018-06-22,2018,6,22,2,5,Friday,June,25,0
569,2018-06-23,2018,6,23,2,6,Saturday,June,25,1
570,2018-06-24,2018,6,24,2,7,Sunday,June,25,1
571,2018-06-25,2018,6,25,2,1,Monday,June,26,0
572,2018-06-26,2018,6,26,2,2,Tuesday,June,26,0
573,2018-06-27,2018,6,27,2,3,Wednesday,June,26,0
574,2018-06-28,2018,6,28,2,4,Thursday,June,26,0
575,2018-06-29,2018,6,29,2,5,Friday,June,26,0
576,2018-06-30,2018,6,30,2,6,Saturday,June,26,1
577,2018-07-01,2018,7,1,3,7,Sunday,July,26,1
578,2018-07-02,2018,7,2,3,1,Monday,July,27,0
579,2018-07-03,2018,7,3,3,2,Tuesday,July,27,0
580,2018-07-04,2018,7,4,3,3,Wednesday,July,27,0
581,2018-07-05,2018,7,5,3,4,Thursday,July,27,0
582,2018-07-06,2018,7,6,3,5,Friday,July,27,0
583,2018-07-07,2018,7,7,3,6,Saturday,July,27,1
584,2018-07-08,2018,7,8,3,7,Sunday,July,27,1
585,2018-07-09,2018,7,9,3,1,Monday,July,28,0
586,2018-07-10,2018,7,10,3,2,Tuesday,July,28,0
587,2018-07-11,2018,7,11,3,3,Wednesday,July,28,0
588,2018-07-12,2018,7,12,3,4,Thursday,July,28,0
589,2018-07-13,2018,7,13,3,5,Friday,July,28,0
590,2018-07-14,2018,7,14,3,6,Saturday,July,28,1
591,2018-07-15,2018,7,15,3,7,Sunday,July,28,1
592,2018-07-16,2018,7,16,3,1,Monday,July,29,0
593,2018-07-17,2018,7,17,3,2,Tuesday,July,29,0
594,2018-07-18,2018,7,18,3,3,Wednesday,July,29,0
595,2018-07-19,2018,7,19,3,4,Thursday,July,29,0
596,2018-07-20,2018,7,20,3,5,Friday,July,29,0
597,2018-07-21,2018,7,21,3,6,Saturday,July,29,1
598,2018-07-22,2018,7,22,3,7,Sunday,July,29,1
599,2018-07-23,2018,7,23,3,1,Monday,July,30,0
600,2018-07-24,2018,7,24,3,2,Tuesday,July,30,0
601,2018-07-25,2018,7,25,3,3,Wednesday,July,30,0
602,2018-07-26,2018,7,26,3,4,Thursday,July,30,0
603,2018-07-27,2018,7,27,3,5,Friday,July,30,0
604,2018-07-28,2018,7,28,3,6,Saturday,July,30,1
605,2018-07-29,2018,7,29,3,7,Sunday,July,30,1
606,2018-07-30,2018,7,30,3,1,Monday,July,31,0
607,2018-07-31,2018,7,31,3,2,Tuesday,July,31,0
608,2018-08-01,2018,8,1,3,3,Wednesday,August,31,0
609,2018-08-02,2018,8,2,3,4,Thursday,August,31,0
610,2018-08-03,2018,8,3,3,5,Friday,August,31,0
611,2018-08-04,2018,8,4,3,6,Saturday,August,31,1
612,2018-08-05,2018,8,5,3,7,Sunday,August,31,1
613,2018-08-06,2018,8,6,3,1,Monday,August,32,0
614,2018-08-07,2018,8,7,3,2,Tuesday,August,32,0
615,2018-08-08,2018,8,8,3,3,Wednesday,August,32,0
616,2018-08-09,2018,8,9,3,4,Thursday,August,32,0
617,2018-08-10,2018,8,10,3,5,Friday,August,32,0
618,2018-08-11,2018,8,11,3,6,Saturday,August,32,1
619,2018-08-12,2018,8,12,3,7,Sunday,August,32,1
620,2018-08-13,2018,8,13,3,1,Monday,August,33,0
621,2018-08-14,2018,8,14,3,2,Tuesday,August,33,0
622,2018-08-15,2018,8,15,3,3,Wednesday,August,33,0
623,2018-08-16,2018,8,16,3,4,Thursday,August,33,0
624,2018-08-17,2018,8,17,3,5,Friday,August,33,0
625,2018-08-18,2018,8,18,3,6,Saturday,August,33,1
626,2018-08-19,2018,8,19,3,7,Sunday,August,33,1
627,2018-08-20,2018,8,20,3,1,Monday,August,34,0
628,2018-08-21,2018,8,21,3,2,Tuesday,August,34,0
629,2018-08-22,2018,8,22,3,3,Wednesday,August,34,0
630,2018-08-23,2018,8,23,3,4,Thursday,August,34,0
631,2018-08-24,2018,8,24,3,5,Friday,August,34,0
632,2018-08-25,2018,8,25,3,6,Saturday,August,34,1
633,2018-08-26,2018,8,26,3,7,Sunday,August,34,1
634,2018-08-27,2018,8,27,3,1,Monday,August,35,0
635,2018-08-28,2018,8,28,3,2,Tuesday,August,35,0
636,2018-08-29,2018,8,29,3,3,Wednesday,August,35,0
637,2018-08-30,2018,8,30,3,4,Thursday,August,35,0
638,2018-08-31,2018,8,31,3,5,Friday,August,35,0
639,2018-09-01,2018,9,1,3,6,Saturday,September,35,1
640,2018-09-02,2018,9,2,3,7,Sunday,September,35,1
641,2018-09-03,2018,9,3,3,1,Monday,September,36,0
642,2018-09-04,2018,9,4,3,2,Tuesday,September,36,0
643,2018-09-05,2018,9,5,3,3,Wednesday,September,36,0
644,2018-09-06,2018,9,6,3,4,Thursday,September,36,0
645,2018-09-07,2018,9,7,3,5,Friday,September,36,0
646,2018-09-08,2018,9,8,3,6,Saturday,September,36,1
647,2018-09-09,2018,9,9,3,7,Sunday,September,36,1
648,2018-09-10,2018,9,10,3,1,Monday,September,37,0
649,2018-09-11,2018,9,11,3,2,Tuesday,September,37,0
650,2018-09-12,2018,9,12,3,3,Wednesday,September,37,0
651,2018-09-13,2018,9,13,3,4,Thursday,September,37,0
652,2018-09-14,2018,9,14,3,5,Friday,September,37,0
653,2018-09-15,2018,9,15,3,6,Saturday,September,37,1
654,2018-09-16,2018,9,16,3,7,Sunday,September,37,1
655,2018-09-17,2018,9,17,3,1,Monday,September,38,0
656,2018-09-18,2018,9,18,3,2,Tuesday,September,38,0
657,2018-09-19,2018,9,19,3,3,Wednesday,September,38,0
658,2018-09-20,2018,9,20,3,4,Thursday,September,38,0
659,2018-09-21,2018,9,21,3,5,Friday,September,38,0
660,2018-09-22,2018,9,22,3,6,Saturday,September,38,1
661,2018-09-23,2018,9,23,3,7,Sunday,September,38,1
662,2018-09-24,2018,9,24,3,1,Monday,September,39,0
663,2018-09-25,2018,9,25,3,2,Tuesday,September,39,0
664,2018-09-26,2018,9,26,3,3,Wednesday,September,39,0
665,2018-09-27,2018,9,27,3,4,Thursday,September,39,0
666,2018-09-28,2018,9,28,3,5,Friday,September,39,0
667,2018-09-29,2018,9,29,3,6,Saturday,September,39,1
668,2018-09-30,2018,9,30,3,7,Sunday,September,39,1
669,2018-10-01,2018,10,1,4,1,Monday,October,40,0
670,2018-10-02,2018,10,2,4,2,Tuesday,October,40,0
671,2018-10-03,2018,10,3,4,3,Wednesday,October,40,0
672,2018-10-04,2018,10,4,4,4,Thursday,October,40,0
673,2018-10-05,2018,10,5,4,5,Friday,October,40,0
674,2018-10-06,2018,10,6,4,6,Saturday,October,40,1
675,2018-10-07,2018,10,7,4,7,Sunday,October,40,1
676,2018-10-08,2018,10,8,4,1,Monday,October,41,0
677,2018-10-09,2018,10,9,4,2,Tuesday,October,41,0
678,2018-10-10,2018,10,10,4,3,Wednesday,October,41,0
679,2018-10-11,2018,10,11,4,4,Thursday,October,41,0
680,2018-10-12,2018,10,12,4,5,Friday,October,41,0
681,2018-10-13,2018,10,13,4,6,Saturday,October,41,1
682,2018-10-14,2018,10,14,4,7,Sunday,October,41,1
683,2018-10-15,2018,10,15,4,1,Monday,October,42,0
684,2018-10-16,2018,10,16,4,2,Tuesday,October,42,0
685,2018-10-17,2018,10,17,4,3,Wednesday,October,42,0
686,2018-10-18,2018,10,18,4,4,Thursday,October,42,0
687,2018-10-19,2018,10,19,4,5,Friday,October,42,0
688,2018-10-20,2018,10,20,4,6,Saturday,October,42,1
689,2018-10-21,2018,10,21,4,7,Sunday,October,42,1
690,2018-10-22,2018,10,22,4,1,Monday,October,43,0
691,2018-10-23,2018,10,23,4,2,Tuesday,October,43,0
692,2018-10-24,2018,10,24,4,3,Wednesday,October,43,0
693,2018-10-25,2018,10,25,4,4,Thursday,October,43,0
694,2018-10-26,2018,10,26,4,5,Friday,October,43,0
695,2018-10-27,2018,10,27,4,6,Saturday,October,43,1
696,2018-10-28,2018,10,28,4,7,Sunday,October,43,1
697,2018-10-29,2018,10,29,4,1,Monday,October,44,0
698,2018-10-30,2018,10,30,4,2,Tuesday,October,44,0
699,2018-10-31,2018,10,31,4,3,Wednesday,October,44,0
700,2018-11-01,2018,11,1,4,4,Thursday,November,44,0
701,2018-11-02,2018,11,2,4,5,Friday,November,44,0
702,2018-11-03,2018,11,3,4,6,Saturday,November,44,1
703,2018-11-04,2018,11,4,4,7,Sunday,November,44,1
704,2018-11-05,2018,11,5,4,1,Monday,November,45,0
705,2018-11-06,2018,11,6,4,2,Tuesday,November,45,0
706,2018-11-07,2018,11,7,4,3,Wednesday,November,45,0
707,2018-11-08,2018,11,8,4,4,Thursday,November,45,0
708,2018-11-09,2018,11,9,4,5,Friday,November,45,0
709,2018-11-10,2018,11,10,4,6,Saturday,November,45,1
710,2018-11-11,2018,11,11,4,7,Sunday,November,45,1
711,2018-11-12,2018,11,12,4,1,Monday,November,46,0
712,2018-11-13,2018,11,13,4,2,Tuesday,November,46,0
713,2018-11-14,2018,11,14,4,3,Wednesday,November,46,0
714,2018-11-15,2018,11,15,4,4,Thursday,November,46,0
715,2018-11-16,2018,11,16,4,5,Friday,November,46,0
716,2018-11-17,2018,11,17,4,6,Saturday,November,46,1
717,2018-11-18,2018,11,18,4,7,Sunday,November,46,1
718,2018-11-19,2018,11,19,4,1,Monday,November,47,0
719,2018-11-20,2018,11,20,4,2,Tuesday,November,47,0
720,2018-11-21,2018,11,21,4,3,Wednesday,November,47,0
721,2018-11-22,2018,11,22,4,4,Thursday,November,47,0
722,2018-11-23,2018,11,23,4,5,Friday,November,47,0
723,2018-11-24,2018,11,24,4,6,Saturday,November,47,1
724,2018-11-25,2018,11,25,4,7,Sunday,November,47,1
725,2018-11-26,2018,11,26,4,1,Monday,November,48,0
726,2018-11-27,2018,11,27,4,2,Tuesday,November,48,0
727,2018-11-28,2018,11,28,4,3,Wednesday,November,48,0
728,2018-11-29,2018,11,29,4,4,Thursday,November,48,0
729,2018-11-30,2018,11,30,4,5,Friday,November,48,0
730,2018-12-01,2018,12,1,4,6,Saturday,December,48,1
731,2018-12-02,2018,12,2,4,7,Sunday,December,48,1
732,2018-12-03,2018,12,3,4,1,Monday,December,49,0
733,2018-12-04,2018,12,4,4,2,Tuesday,December,49,0
734,2018-12-05,2018,12,5,4,3,Wednesday,December,49,0
735,2018-12-06,2018,12,6,4,4,Thursday,December,49,0
736,2018-12-07,2018,12,7,4,5,Friday,December,49,0
737,2018-12-08,2018,12,8,4,6,Saturday,December,49,1
738,2018-12-09,2018,12,9,4,7,Sunday,December,49,1
739,2018-12-10,2018,12,10,4,1,Monday,December,50,0
740,2018-12-11,2018,12,11,4,2,Tuesday,December,50,0
741,2018-12-12,2018,12,12,4,3,Wednesday,December,50,0
742,2018-12-13,2018,12,13,4,4,Thursday,December,50,0
743,2018-12-14,2018,12,14,4,5,Friday,December,50,0
744,2018-12-15,2018,12,15,4,6,Saturday,December,50,1
745,2018-12-16,2018,12,16,4,7,Sunday,December,50,1
746,2018-12-17,2018,12,17,4,1,Monday,December,51,0
747,2018-12-18,2018,12,18,4,2,Tuesday,December,51,0
748,2018-12-19,2018,12,19,4,3,Wednesday,December,51,0
749,2018-12-20,2018,12,20,4,4,Thursday,December,51,0
750,2018-12-21,2018,12,21,4,5,Friday,December,51,0
751,2018-12-22,2018,12,22,4,6,Saturday,December,51,1
752,2018-12-23,2018,12,23,4,7,Sunday,December,51,1
753,2018-12-24,2018,12,24,4,1,Monday,December,52,0
754,2018-12-25,2018,12,25,4,2,Tuesday,December,52,0
755,2018-12-26,2018,12,26,4,3,Wednesday,December,52,0
756,2018-12-27,2018,12,27,4,4,Thursday,December,52,0
757,2018-12-28,2018,12,28,4,5,Friday,December,52,0
758,2018-12-29,2018,12,29,4,6,Saturday,December,52,1
759,2018-12-30,2018,12,30,4,7,Sunday,December,52,1
760,2018-12-31,2018,12,31,4,1,Monday,December,1,0
761,2019-01-01,2019,1,1,1,2,Tuesday,January,1,0
762,2019-01-02,2019,1,2,1,3,Wednesday,January,1,0
763,2019-01-03,2019,1,3,1,4,Thursday,January,1,0
764,2019-01-04,2019,1,4,1,5,Friday,January,1,0
765,2019-01-05,2019,1,5,1,6,Saturday,January,1,1
766,2019-01-06,2019,1,6,1,7,Sunday,January,1,1
767,2019-01-07,2019,1,7,1,1,Monday,January,2,0
768,2019-01-08,2019,1,8,1,2,Tuesday,January,2,0
769,2019-01-09,2019,1,9,1,3,Wednesday,January,2,0
770,2019-01-10,2019,1,10,1,4,Thursday,January,2,0
771,2019-01-11,2019,1,11,1,5,Friday,January,2,0
772,2019-01-12,2019,1,12,1,6,Saturday,January,2,1
773,2019-01-13,2019,1,13,1,7,Sunday,January,2,1
774,2019-01-14,2019,1,14,1,1,Monday,January,3,0
775,2019-01-15,2019,1,15,1,2,Tuesday,January,3,0
776,2019-01-16,2019,1,16,1,3,Wednesday,January,3,0
777,2019-01-17,2019,1,17,1,4,Thursday,January,3,0
778,2019-01-18,2019,1,18,1,5,Friday,January,3,0
779,2019-01-19,2019,1,19,1,6,Saturday,January,3,1
780,2019-01-20,2019,1,20,1,7,Sunday,January,3,1
781,2019-01-21,2019,1,21,1,1,Monday,January,4,0
782,2019-01-22,2019,1,22,1,2,Tuesday,January,4,0
783,2019-01-23,2019,1,23,1,3,Wednesday,January,4,0
784,2019-01-24,2019,1,24,1,4,Thursday,January,4,0
785,2019-01-25,2019,1,25,1,5,Friday,January,4,0
786,2019-01-26,2019,1,26,1,6,Saturday,January,4,1
787,2019-01-27,2019,1,27,1,7,Sunday,January,4,1
788,2019-01-28,2019,1,28,1,1,Monday,January,5,0
789,2019-01-29,2019,1,29,1,2,Tuesday,January,5,0
790,2019-01-30,2019,1,30,1,3,Wednesday,January,5,0
791,2019-01-31,2019,1,31,1,4,Thursday,January,5,0
792,2019-02-01,2019,2,1,1,5,Friday,February,5,0
793,2019-02-02,2019,2,2,1,6,Saturday,February,5,1
794,2019-02-03,2019,2,3,1,7,Sunday,February,5,1
795,2019-02-04,2019,2,4,1,1,Monday,February,6,0
796,2019-02-05,2019,2,5,1,2,Tuesday,February,6,0
797,2019-02-06,2019,2,6,1,3,Wednesday,February,6,0
798,2019-02-07,2019,2,7,1,4,Thursday,February,6,0
799,2019-02-08,2019,2,8,1,5,Friday,February,6,0
800,2019-02-09,2019,2,9,1,6,Saturday,February,6,1
801,2019-02-10,2019,2,10,1,7,Sunday,February,6,1
802,2019-02-11,2019,2,11,1,1,Monday,February,7,0
803,2019-02-12,2019,2,12,1,2,Tuesday,February,7,0
804,2019-02-13,2019,2,13,1,3,Wednesday,February,7,0
805,2019-02-14,2019,2,14,1,4,Thursday,February,7,0
806,2019-02-15,2019,2,15,1,5,Friday,February,7,0
807,2019-02-16,2019,2,16,1,6,Saturday,February,7,1
808,2019-02-17,2019,2,17,1,7,Sunday,February,7,1
809,2019-02-18,2019,2,18,1,1,Monday,February,8,0
810,2019-02-19,2019,2,19,1,2,Tuesday,February,8,0
811,2019-02-20,2019,2,20,1,3,Wednesday,February,8,0
812,2019-02-21,2019,2,21,1,4,Thursday,February,8,0
813,2019-02-22,2019,2,22,1,5,Friday,February,8,0
814,2019-02-23,2019,2,23,1,6,Saturday,February,8,1
815,2019-02-24,2019,2,24,1,7,Sunday,February,8,1
816,2019-02-25,2019,2,25,1,1,Monday,February,9,0
817,2019-02-26,2019,2,26,1,2,Tuesday,February,9,0
818,2019-02-27,2019,2,27,1,3,Wednesday,February,9,0
819,2019-02-28,2019,2,28,1,4,Thursday,February,9,0
820,2019-03-01,2019,3,1,1,5,Friday,March,9,0
821,2019-03-02,2019,3,2,1,6,Saturday,March,9,1
822,2019-03-03,2019,3,3,1,7,Sunday,March,9,1
823,2019-03-04,2019,3,4,1,1,Monday,March,10,0
824,2019-03-05,2019,3,5,1,2,Tuesday,March,10,0
825,2019-03-06,2019,3,6,1,3,Wednesday,March,10,0
826,2019-03-07,2019,3,7,1,4,Thursday,March,10,0
827,2019-03-08,2019,3,8,1,5,Friday,March,10,0
828,2019-03-09,2019,3,9,1,6,Saturday,March,10,1
829,2019-03-10,2019,3,10,1,7,Sunday,March,10,1
830,2019-03-11,2019,3,11,1,1,Monday,March,11,0
831,2019-03-12,2019,3,12,1,2,Tuesday,March,11,0
832,2019-03-13,2019,3,13,1,3,Wednesday,March,11,0
833,2019-03-14,2019,3,14,1,4,Thursday,March,11,0
834,2019-03-15,2019,3,15,1,5,Friday,March,11,0
835,2019-03-16,2019,3,16,1,6,Saturday,March,11,1
836,2019-03-17,2019,3,17,1,7,Sunday,March,11,1
837,2019-03-18,2019,3,18,1,1,Monday,March,12,0
838,2019-03-19,2019,3,19,1,2,Tuesday,March,12,0
839,2019-03-20,2019,3,20,1,3,Wednesday,March,12,0
840,2019-03-21,2019,3,21,1,4,Thursday,March,12,0
841,2019-03-22,2019,3,22,1,5,Friday,March,12,0
842,2019-03-23,2019,3,23,1,6,Saturday,March,12,1
843,2019-03-24,2019,3,24,1,7,Sunday,March,12,1
844,2019-03-25,2019,3,25,1,1,Monday,March,13,0
845,2019-03-26,2019,3,26,1,2,Tuesday,March,13,0
846,2019-03-27,2019,3,27,1,3,Wednesday,March,13,0
847,2019-03-28,2019,3,28,1,4,Thursday,March,13,0
848,2019-03-29,2019,3,29,1,5,Friday,March,13,0
849,2019-03-30,2019,3,30,1,6,Saturday,March,13,1
850,2019-03-31,2019,3,31,1,7,Sunday,March,13,1
851,2019-04-01,2019,4,1,2,1,Monday,April,14,0
852,2019-04-02,2019,4,2,2,2,Tuesday,April,14,0
853,2019-04-03,2019,4,3,2,3,Wednesday,April,14,0
854,2019-04-04,2019,4,4,2,4,Thursday,April,14,0
855,2019-04-05,2019,4,5,2,5,Friday,April,14,0
856,2019-04-06,2019,4,6,2,6,Saturday,April,14,1
857,2019-04-07,2019,4,7,2,7,Sunday,April,14,1
858,2019-04-08,2019,4,8,2,1,Monday,April,15,0
859,2019-04-09,2019,4,9,2,2,Tuesday,April,15,0
860,2019-04-10,2019,4,10,2,3,Wednesday,April,15,0
861,2019-04-11,2019,4,11,2,4,Thursday,April,15,0
862,2019-04-12,2019,4,12,2,5,Friday,April,15,0
863,2019-04-13,2019,4,13,2,6,Saturday,April,15,1
864,2019-04-14,2019,4,14,2,7,Sunday,April,15,1
865,2019-04-15,2019,4,15,2,1,Monday,April,16,0
866,2019-04-16,2019,4,16,2,2,Tuesday,April,16,0
867,2019-04-17,2019,4,17,2,3,Wednesday,April,16,0
868,2019-04-18,2019,4,18,2,4,Thursday,April,16,0
869,2019-04-19,2019,4,19,2,5,Friday,April,16,0
870,2019-04-20,2019,4,20,2,6,Saturday,April,16,1
871,2019-04-21,2019,4,21,2,7,Sunday,April,16,1
872,2019-04-22,2019,4,22,2,1,Monday,April,17,0
873,2019-04-23,2019,4,23,2,2,Tuesday,April,17,0
874,2019-04-24,2019,4,24,2,3,Wednesday,April,17,0
875,2019-04-25,2019,4,25,2,4,Thursday,April,17,0
876,2019-04-26,2019,4,26,2,5,Friday,April,17,0
877,2019-04-27,2019,4,27,2,6,Saturday,April,17,1
878,2019-04-28,2019,4,28,2,7,Sunday,April,17,1
879,2019-04-29,2019,4,29,2,1,Monday,April,18,0
880,2019-04-30,2019,4,30,2,2,Tuesday,April,18,0
881,2019-05-01,2019,5,1,2,3,Wednesday,May,18,0
882,2019-05-02,2019,5,2,2,4,Thursday,May,18,0
883,2019-05-03,2019,5,3,2,5,Friday,May,18,0
884,2019-05-04,2019,5,4,2,6,Saturday,May,18,1
885,2019-05-05,2019,5,5,2,7,Sunday,May,18,1
886,2019-05-06,2019,5,6,2,1,Monday,May,19,0
887,2019-05-07,2019,5,7,2,2,Tuesday,May,19,0
888,2019-05-08,2019,5,8,2,3,Wednesday,May,19,0
889,2019-05-09,2019,5,9,2,4,Thursday,May,19,0
890,2019-05-10,2019,5,10,2,5,Friday,May,19,0
891,2019-05-11,2019,5,11,2,6,Saturday,May,19,1
892,2019-05-12,2019,5,12,2,7,Sunday,May,19,1
893,2019-05-13,2019,5,13,2,1,Monday,May,20,0
894,2019-05-14,2019,5,14,2,2,Tuesday,May,20,0
895,2019-05-15,2019,5,15,2,3,Wednesday,May,20,0
896,2019-05-16,2019,5,16,2,4,Thursday,May,20,0
897,2019-05-17,2019,5,17,2,5,Friday,May,20,0
898,2019-05-18,2019,5,18,2,6,Saturday,May,20,1
899,2019-05-19,2019,5,19,2,7,Sunday,May,20,1
900,2019-05-20,2019,5,20,2,1,Monday,May,21,0
901,2019-05-21,2019,5,21,2,2,Tuesday,May,21,0
902,2019-05-22,2019,5,22,2,3,Wednesday,May,21,0
903,2019-05-23,2019,5,23,2,4,Thursday,May,21,0
904,2019-05-24,2019,5,24,2,5,Friday,May,21,0
905,2019-05-25,2019,5,25,2,6,Saturday,May,21,1
906,2019-05-26,2019,5,26,2,7,Sunday,May,21,1
907,2019-05-27,2019,5,27,2,1,Monday,May,22,0
908,2019-05-28,2019,5,28,2,2,Tuesday,May,22,0
909,2019-05-29,2019,5,29,2,3,Wednesday,May,22,0
910,2019-05-30,2019,5,30,2,4,Thursday,May,22,0
911,2019-05-31,2019,5,31,2,5,Friday,May,22,0
912,2019-06-01,2019,6,1,2,6,Saturday,June,22,1
913,2019-06-02,2019,6,2,2,7,Sunday,June,22,1
914,2019-06-03,2019,6,3,2,1,Monday,June,23,0
915,2019-06-04,2019,6,4,2,2,Tuesday,June,23,0
916,2019-06-05,2019,6,5,2,3,Wednesday,June,23,0
917,2019-06-06,2019,6,6,2,4,Thursday,June,23,0
918,2019-06-07,2019,6,7,2,5,Friday,June,23,0
919,2019-06-08,2019,6,8,2,6,Saturday,June,23,1
920,2019-06-09,2019,6,9,2,7,Sunday,June,23,1
921,2019-06-10,2019,6,10,2,1,Monday,June,24,0
922,2019-06-11,2019,6,11,2,2,Tuesday,June,24,0
923,2019-06-12,2019,6,12,2,3,Wednesday,June,24,0
924,2019-06-13,2019,6,13,2,4,Thursday,June,24,0
925,2019-06-14,2019,6,14,2,5,Friday,June,24,0
926,2019-06-15,2019,6,15,2,6,Saturday,June,24,1
927,2019-06-16,2019,6,16,2,7,Sunday,June,24,1
928,2019-06-17,2019,6,17,2,1,Monday,June,25,0
929,2019-06-18,2019,6,18,2,2,Tuesday,June,25,0
930,2019-06-19,2019,6,19,2,3,Wednesday,June,25,0
931,2019-06-20,2019,6,20,2,4,Thursday,June,25,0
932,2019-06-21,2019,6,21,2,5,Friday,June,25,0
933,2019-06-22,2019,6,22,2,6,Saturday,June,25,1
934,2019-06-23,2019,6,23,2,7,Sunday,June,25,1
935,2019-06-24,2019,6,24,2,1,Monday,June,26,0
936,2019-06-25,2019,6,25,2,2,Tuesday,June,26,0
937,2019-06-26,2019,6,26,2,3,Wednesday,June,26,0
938,2019-06-27,2019,6,27,2,4,Thursday,June,26,0
939,2019-06-28,2019,6,28,2,5,Friday,June,26,0
940,2019-06-29,2019,6,29,2,6,Saturday,June,26,1
941,2019-06-30,2019,6,30,2,7,Sunday,June,26,1
942,2019-07-01,2019,7,1,3,1,Monday,July,27,0
943,2019-07-02,2019,7,2,3,2,Tuesday,July,27,0
944,2019-07-03,2019,7,3,3,3,Wednesday,July,27,0
945,2019-07-04,2019,7,4,3,4,Thursday,July,27,0
946,2019-07-05,2019,7,5,3,5,Friday,July,27,0
947,2019-07-06,2019,7,6,3,6,Saturday,July,27,1
948,2019-07-07,2019,7,7,3,7,Sunday,July,27,1
949,2019-07-08,2019,7,8,3,1,Monday,July,28,0
950,2019-07-09,2019,7,9,3,2,Tuesday,July,28,0
951,2019-07-10,2019,7,10,3,3,Wednesday,July,28,0
952,2019-07-11,2019,7,11,3,4,Thursday,July,28,0
953,2019-07-12,2019,7,12,3,5,Friday,July,28,0
954,2019-07-13,2019,7,13,3,6,Saturday,July,28,1
955,2019-07-14,2019,7,14,3,7,Sunday,July,28,1
956,2019-07-15,2019,7,15,3,1,Monday,July,29,0
957,2019-07-16,2019,7,16,3,2,Tuesday,July,29,0
958,2019-07-17,2019,7,17,3,3,Wednesday,July,29,0
959,2019-07-18,2019,7,18,3,4,Thursday,July,29,0
960,2019-07-19,2019,7,19,3,5,Friday,July,29,0
961,2019-07-20,2019,7,20,3,6,Saturday,July,29,1
962,2019-07-21,2019,7,21,3,7,Sunday,July,29,1
963,2019-07-22,2019,7,22,3,1,Monday,July,30,0
964,2019-07-23,2019,7,23,3,2,Tuesday,July,30,0
965,2019-07-24,2019,7,24,3,3,Wednesday,July,30,0
966,2019-07-25,2019,7,25,3,4,Thursday,July,30,0
967,2019-07-26,2019,7,26,3,5,Friday,July,30,0
968,2019-07-27,2019,7,27,3,6,Saturday,July,30,1
969,2019-07-28,2019,7,28,3,7,Sunday,July,30,1
970,2019-07-29,2019,7,29,3,1,Monday,July,31,0
971,2019-07-30,2019,7,30,3,2,Tuesday,July,31,0
972,2019-07-31,2019,7,31,3,3,Wednesday,July,31,0
973,2019-08-01,2019,8,1,3,4,Thursday,August,31,0
974,2019-08-02,2019,8,2,3,5,Friday,August,31,0
975,2019-08-03,2019,8,3,3,6,Saturday,August,31,1
976,2019-08-04,2019,8,4,3,7,Sunday,August,31,1
977,2019-08-05,2019,8,5,3,1,Monday,August,32,0
978,2019-08-06,2019,8,6,3,2,Tuesday,August,32,0
979,2019-08-07,2019,8,7,3,3,Wednesday,August,32,0
980,2019-08-08,2019,8,8,3,4,Thursday,August,32,0
981,2019-08-09,2019,8,9,3,5,Friday,August,32,0
982,2019-08-10,2019,8,10,3,6,Saturday,August,32,1
983,2019-08-11,2019,8,11,3,7,Sunday,August,32,1
984,2019-08-12,2019,8,12,3,1,Monday,August,33,0
985,2019-08-13,2019,8,13,3,2,Tuesday,August,33,0
986,2019-08-14,2019,8,14,3,3,Wednesday,August,33,0
987,2019-08-15,2019,8,15,3,4,Thursday,August,33,0
988,2019-08-16,2019,8,16,3,5,Friday,August,33,0
989,2019-08-17,2019,8,17,3,6,Saturday,August,33,1
990,2019-08-18,2019,8,18,3,7,Sunday,August,33,1
991,2019-08-19,2019,8,19,3,1,Monday,August,34,0
992,2019-08-20,2019,8,20,3,2,Tuesday,August,34,0
993,2019-08-21,2019,8,21,3,3,Wednesday,August,34,0
994,2019-08-22,2019,8,22,3,4,Thursday,August,34,0
995,2019-08-23,2019,8,23,3,5,Friday,August,34,0
996,2019-08-24,2019,8,24,3,6,Saturday,August,34,1
997,2019-08-25,2019,8,25,3,7,Sunday,August,34,1
998,2019-08-26,2019,8,26,3,1,Monday,August,35,0
999,2019-08-27,2019,8,27,3,2,Tuesday,August,35,0
1000,2019-08-28,2019,8,28,3,3,Wednesday,August,35,0
1001,2019-08-29,2019,8,29,3,4,Thursday,August,35,0
1002,2019-08-30,2019,8,30,3,5,Friday,August,35,0
1003,2019-08-31,2019,8,31,3,6,Saturday,August,35,1
1004,2019-09-01,2019,9,1,3,7,Sunday,September,35,1
1005,2019-09-02,2019,9,2,3,1,Monday,September,36,0
1006,2019-09-03,2019,9,3,3,2,Tuesday,September,36,0
1007,2019-09-04,2019,9,4,3,3,Wednesday,September,36,0
1008,2019-09-05,2019,9,5,3,4,Thursday,September,36,0
1009,2019-09-06,2019,9,6,3,5,Friday,September,36,0
1010,2019-09-07,2019,9,7,3,6,Saturday,September,36,1
1011,2019-09-08,2019,9,8,3,7,Sunday,September,36,1
1012,2019-09-09,2019,9,9,3,1,Monday,September,37,0
1013,2019-09-10,2019,9,10,3,2,Tuesday,September,37,0
1014,2019-09-11,2019,9,11,3,3,Wednesday,September,37,0
1015,2019-09-12,2019,9,12,3,4,Thursday,September,37,0
1016,2019-09-13,2019,9,13,3,5,Friday,September,37,0
1017,2019-09-14,2019,9,14,3,6,Saturday,September,37,1
1018,2019-09-15,2019,9,15,3,7,Sunday,September,37,1
1019,2019-09-16,2019,9,16,3,1,Monday,September,38,0
1020,2019-09-17,2019,9,17,3,2,Tuesday,September,38,0
1021,2019-09-18,2019,9,18,3,3,Wednesday,September,38,0
1022,2019-09-19,2019,9,19,3,4,Thursday,September,38,0
1023,2019-09-20,2019,9,20,3,5,Friday,September,38,0
1024,2019-09-21,2019,9,21,3,6,Saturday,September,38,1
1025,2019-09-22,2019,9,22,3,7,Sunday,September,38,1
1026,2019-09-23,2019,9,23,3,1,Monday,September,39,0
1027,2019-09-24,2019,9,24,3,2,Tuesday,September,39,0
1028,2019-09-25,2019,9,25,3,3,Wednesday,September,39,0
1029,2019-09-26,2019,9,26,3,4,Thursday,September,39,0
1030,2019-09-27,2019,9,27,3,5,Friday,September,39,0
1031,2019-09-28,2019,9,28,3,6,Saturday,September,39,1
1032,2019-09-29,2019,9,29,3,7,Sunday,September,39,1
1033,2019-09-30,2019,9,30,3,1,Monday,September,40,0
1034,2019-10-01,2019,10,1,4,2,Tuesday,October,40,0
1035,2019-10-02,2019,10,2,4,3,Wednesday,October,40,0
1036,2019-10-03,2019,10,3,4,4,Thursday,October,40,0
1037,2019-10-04,2019,10,4,4,5,Friday,October,40,0
1038,2019-10-05,2019,10,5,4,6,Saturday,October,40,1
1039,2019-10-06,2019,10,6,4,7,Sunday,October,40,1
1040,2019-10-07,2019,10,7,4,1,Monday,October,41,0
1041,2019-10-08,2019,10,8,4,2,Tuesday,October,41,0
1042,2019-10-09,2019,10,9,4,3,Wednesday,October,41,0
1043,2019-10-10,2019,10,10,4,4,Thursday,October,41,0
1044,2019-10-11,2019,10,11,4,5,Friday,October,41,0
1045,2019-10-12,2019,10,12,4,6,Saturday,October,41,1
1046,2019-10-13,2019,10,13,4,7,Sunday,October,41,1
1047,2019-10-14,2019,10,14,4,1,Monday,October,42,0
1048,2019-10-15,2019,10,15,4,2,Tuesday,October,42,0
1049,2019-10-16,2019,10,16,4,3,Wednesday,October,42,0
1050,2019-10-17,2019,10,17,4,4,Thursday,October,42,0
1051,2019-10-18,2019,10,18,4,5,Friday,October,42,0
1052,2019-10-19,2019,10,19,4,6,Saturday,October,42,1
1053,2019-10-20,2019,10,20,4,7,Sunday,October,42,1
1054,2019-10-21,2019,10,21,4,1,Monday,October,43,0
1055,2019-10-22,2019,10,22,4,2,Tuesday,October,43,0
1056,2019-10-23,2019,10,23,4,3,Wednesday,October,43,0
1057,2019-10-24,2019,10,24,4,4,Thursday,October,43,0
1058,2019-10-25,2019,10,25,4,5,Friday,October,43,0
1059,2019-10-26,2019,10,26,4,6,Saturday,October,43,1
1060,2019-10-27,2019,10,27,4,7,Sunday,October,43,1
1061,2019-10-28,2019,10,28,4,1,Monday,October,44,0
1062,2019-10-29,2019,10,29,4,2,Tuesday,October,44,0
1063,2019-10-30,2019,10,30,4,3,Wednesday,October,44,0
1064,2019-10-31,2019,10,31,4,4,Thursday,October,44,0
1065,2019-11-01,2019,11,1,4,5,Friday,November,44,0
1066,2019-11-02,2019,11,2,4,6,Saturday,November,44,1
1067,2019-11-03,2019,11,3,4,7,Sunday,November,44,1
1068,2019-11-04,2019,11,4,4,1,Monday,November,45,0
1069,2019-11-05,2019,11,5,4,2,Tuesday,November,45,0
1070,2019-11-06,2019,11,6,4,3,Wednesday,November,45,0
1071,2019-11-07,2019,11,7,4,4,Thursday,November,45,0
1072,2019-11-08,2019,11,8,4,5,Friday,November,45,0
1073,2019-11-09,2019,11,9,4,6,Saturday,November,45,1
1074,2019-11-10,2019,11,10,4,7,Sunday,November,45,1
1075,2019-11-11,2019,11,11,4,1,Monday,November,46,0
1076,2019-11-12,2019,11,12,4,2,Tuesday,November,46,0
1077,2019-11-13,2019,11,13,4,3,Wednesday,November,46,0
1078,2019-11-14,2019,11,14,4,4,Thursday,November,46,0
1079,2019-11-15,2019,11,15,4,5,Friday,November,46,0
1080,2019-11-16,2019,11,16,4,6,Saturday,November,46,1
1081,2019-11-17,2019,11,17,4,7,Sunday,November,46,1
1082,2019-11-18,2019,11,18,4,1,Monday,November,47,0
1083,2019-11-19,2019,11,19,4,2,Tuesday,November,47,0
1084,2019-11-20,2019,11,20,4,3,Wednesday,November,47,0
1085,2019-11-21,2019,11,21,4,4,Thursday,November,47,0
1086,2019-11-22,2019,11,22,4,5,Friday,November,47,0
1087,2019-11-23,2019,11,23,4,6,Saturday,November,47,1
1088,2019-11-24,2019,11,24,4,7,Sunday,November,47,1
1089,2019-11-25,2019,11,25,4,1,Monday,November,48,0
1090,2019-11-26,2019,11,26,4,2,Tuesday,November,48,0
1091,2019-11-27,2019,11,27,4,3,Wednesday,November,48,0
1092,2019-11-28,2019,11,28,4,4,Thursday,November,48,0
1093,2019-11-29,2019,11,29,4,5,Friday,November,48,0
1094,2019-11-30,2019,11,30,4,6,Saturday,November,48,1
1095,2019-12-01,2019,12,1,4,7,Sunday,December,48,1
1096,2019-12-02,2019,12,2,4,1,Monday,December,49,0
1097,2019-12-03,2019,12,3,4,2,Tuesday,December,49,0
1098,2019-12-04,2019,12,4,4,3,Wednesday,December,49,0
1099,2019-12-05,2019,12,5,4,4,Thursday,December,49,0
1100,2019-12-06,2019,12,6,4,5,Friday,December,49,0
1101,2019-12-07,2019,12,7,4,6,Saturday,December,49,1
1102,2019-12-08,2019,12,8,4,7,Sunday,December,49,1
1103,2019-12-09,2019,12,9,4,1,Monday,December,50,0
1104,2019-12-10,2019,12,10,4,2,Tuesday,December,50,0
1105,2019-12-11,2019,12,11,4,3,Wednesday,December,50,0
1106,2019-12-12,2019,12,12,4,4,Thursday,December,50,0
1107,2019-12-13,2019,12,13,4,5,Friday,December,50,0
1108,2019-12-14,2019,12,14,4,6,Saturday,December,50,1
1109,2019-12-15,2019,12,15,4,7,Sunday,December,50,1
1110,2019-12-16,2019,12,16,4,1,Monday,December,51,0
1111,2019-12-17,2019,12,17,4,2,Tuesday,December,51,0
1112,2019-12-18,2019,12,18,4,3,Wednesday,December,51,0
1113,2019-12-19,2019,12,19,4,4,Thursday,December,51,0
1114,2019-12-20,2019,12,20,4,5,Friday,December,51,0
1115,2019-12-21,2019,12,21,4,6,Saturday,December,51,1
1116,2019-12-22,2019,12,22,4,7,Sunday,December,51,1
1117,2019-12-23,2019,12,23,4,1,Monday,December,52,0
1118,2019-12-24,2019,12,24,4,2,Tuesday,December,52,0
1119,2019-12-25,2019,12,25,4,3,Wednesday,December,52,0
1120,2019-12-26,2019,12,26,4,4,Thursday,December,52,0
1121,2019-12-27,2019,12,27,4,5,Friday,December,52,0
1122,2019-12-28,2019,12,28,4,6,Saturday,December,52,1
1123,2019-12-29,2019,12,29,4,7,Sunday,December,52,1
1124,2019-12-30,2019,12,30,4,1,Monday,December,1,0
1125,2019-12-31,2019,12,31,4,2,Tuesday,December,1,0
1126,2020-01-01,2020,1,1,1,3,Wednesday,January,1,0
1127,2020-01-02,2020,1,2,1,4,Thursday,January,1,0
1128,2020-01-03,2020,1,3,1,5,Friday,January,1,0
1129,2020-01-04,2020,1,4,1,6,Saturday,January,1,1
1130,2020-01-05,2020,1,5,1,7,Sunday,January,1,1
1131,2020-01-06,2020,1,6,1,1,Monday,January,2,0
1132,2020-01-07,2020,1,7,1,2,Tuesday,January,2,0
1133,2020-01-08,2020,1,8,1,3,Wednesday,January,2,0
1134,2020-01-09,2020,1,9,1,4,Thursday,January,2,0
1135,2020-01-10,2020,1,10,1,5,Friday,January,2,0
1136,2020-01-11,2020,1,11,1,6,Saturday,January,2,1
1137,2020-01-12,2020,1,12,1,7,Sunday,January,2,1
1138,2020-01-13,2020,1,13,1,1,Monday,January,3,0
1139,2020-01-14,2020,1,14,1,2,Tuesday,January,3,0
1140,2020-01-15,2020,1,15,1,3,Wednesday,January,3,0
1141,2020-01-16,2020,1,16,1,4,Thursday,January,3,0
1142,2020-01-17,2020,1,17,1,5,Friday,January,3,0
1143,2020-01-18,2020,1,18,1,6,Saturday,January,3,1
1144,2020-01-19,2020,1,19,1,7,Sunday,January,3,1
1145,2020-01-20,2020,1,20,1,1,Monday,January,4,0
1146,2020-01-21,2020,1,21,1,2,Tuesday,January,4,0
1147,2020-01-22,2020,1,22,1,3,Wednesday,January,4,0
1148,2020-01-23,2020,1,23,1,4,Thursday,January,4,0
1149,2020-01-24,2020,1,24,1,5,Friday,January,4,0
1150,2020-01-25,2020,1,25,1,6,Saturday,January,4,1
1151,2020-01-26,2020,1,26,1,7,Sunday,January,4,1
1152,2020-01-27,2020,1,27,1,1,Monday,January,5,0
1153,2020-01-28,2020,1,28,1,2,Tuesday,January,5,0
1154,2020-01-29,2020,1,29,1,3,Wednesday,January,5,0
1155,2020-01-30,2020,1,30,1,4,Thursday,January,5,0
1156,2020-01-31,2020,1,31,1,5,Friday,January,5,0
1157,2020-02-01,2020,2,1,1,6,Saturday,February,5,1
1158,2020-02-02,2020,2,2,1,7,Sunday,February,5,1
1159,2020-02-03,2020,2,3,1,1,Monday,February,6,0
1160,2020-02-04,2020,2,4,1,2,Tuesday,February,6,0
1161,2020-02-05,2020,2,5,1,3,Wednesday,February,6,0
1162,2020-02-06,2020,2,6,1,4,Thursday,February,6,0
1163,2020-02-07,2020,2,7,1,5,Friday,February,6,0
1164,2020-02-08,2020,2,8,1,6,Saturday,February,6,1
1165,2020-02-09,2020,2,9,1,7,Sunday,February,6,1
1166,2020-02-10,2020,2,10,1,1,Monday,February,7,0
1167,2020-02-11,2020,2,11,1,2,Tuesday,February,7,0
1168,2020-02-12,2020,2,12,1,3,Wednesday,February,7,0
1169,2020-02-13,2020,2,13,1,4,Thursday,February,7,0
1170,2020-02-14,2020,2,14,1,5,Friday,February,7,0
1171,2020-02-15,2020,2,15,1,6,Saturday,February,7,1
1172,2020-02-16,2020,2,16,1,7,Sunday,February,7,1
1173,2020-02-17,2020,2,17,1,1,Monday,February,8,0
1174,2020-02-18,2020,2,18,1,2,Tuesday,February,8,0
1175,2020-02-19,2020,2,19,1,3,Wednesday,February,8,0
1176,2020-02-20,2020,2,20,1,4,Thursday,February,8,0
1177,2020-02-21,2020,2,21,1,5,Friday,February,8,0
1178,2020-02-22,2020,2,22,1,6,Saturday,February,8,1
1179,2020-02-23,2020,2,23,1,7,Sunday,February,8,1
1180,2020-02-24,2020,2,24,1,1,Monday,February,9,0
1181,2020-02-25,2020,2,25,1,2,Tuesday,February,9,0
1182,2020-02-26,2020,2,26,1,3,Wednesday,February,9,0
1183,2020-02-27,2020,2,27,1,4,Thursday,February,9,0
1184,2020-02-28,2020,2,28,1,5,Friday,February,9,0
1185,2020-02-29,2020,2,29,1,6,Saturday,February,9,1
1186,2020-03-01,2020,3,1,1,7,Sunday,March,9,1
1187,2020-03-02,2020,3,2,1,1,Monday,March,10,0
1188,2020-03-03,2020,3,3,1,2,Tuesday,March,10,0
1189,2020-03-04,2020,3,4,1,3,Wednesday,March,10,0
1190,2020-03-05,2020,3,5,1,4,Thursday,March,10,0
1191,2020-03-06,2020,3,6,1,5,Friday,March,10,0
1192,2020-03-07,2020,3,7,1,6,Saturday,March,10,1
1193,2020-03-08,2020,3,8,1,7,Sunday,March,10,1
1194,2020-03-09,2020,3,9,1,1,Monday,March,11,0
1195,2020-03-10,2020,3,10,1,2,Tuesday,March,11,0
1196,2020-03-11,2020,3,11,1,3,Wednesday,March,11,0
1197,2020-03-12,2020,3,12,1,4,Thursday,March,11,0
1198,2020-03-13,2020,3,13,1,5,Friday,March,11,0
1199,2020-03-14,2020,3,14,1,6,Saturday,March,11,1
1200,2020-03-15,2020,3,15,1,7,Sunday,March,11,1
1201,2020-03-16,2020,3,16,1,1,Monday,March,12,0
1202,2020-03-17,2020,3,17,1,2,Tuesday,March,12,0
1203,2020-03-18,2020,3,18,1,3,Wednesday,March,12,0
1204,2020-03-19,2020,3,19,1,4,Thursday,March,12,0
1205,2020-03-20,2020,3,20,1,5,Friday,March,12,0
1206,2020-03-21,2020,3,21,1,6,Saturday,March,12,1
1207,2020-03-22,2020,3,22,1,7,Sunday,March,12,1
1208,2020-03-23,2020,3,23,1,1,Monday,March,13,0
1209,2020-03-24,2020,3,24,1,2,Tuesday,March,13,0
1210,2020-03-25,2020,3,25,1,3,Wednesday,March,13,0
1211,2020-03-26,2020,3,26,1,4,Thursday,March,13,0
1212,2020-03-27,2020,3,27,1,5,Friday,March,13,0
1213,2020-03-28,2020,3,28,1,6,Saturday,March,13,1
1214,2020-03-29,2020,3,29,1,7,Sunday,March,13,1
1215,2020-03-30,2020,3,30,1,1,Monday,March,14,0
1216,2020-03-31,2020,3,31,1,2,Tuesday,March,14,0
1217,2020-04-01,2020,4,1,2,3,Wednesday,April,14,0
1218,2020-04-02,2020,4,2,2,4,Thursday,April,14,0
1219,2020-04-03,2020,4,3,2,5,Friday,April,14,0
1220,2020-04-04,2020,4,4,2,6,Saturday,April,14,1
1221,2020-04-05,2020,4,5,2,7,Sunday,April,14,1
1222,2020-04-06,2020,4,6,2,1,Monday,April,15,0
1223,2020-04-07,2020,4,7,2,2,Tuesday,April,15,0
1224,2020-04-08,2020,4,8,2,3,Wednesday,April,15,0
1225,2020-04-09,2020,4,9,2,4,Thursday,April,15,0
1226,2020-04-10,2020,4,10,2,5,Friday,April,15,0
1227,2020-04-11,2020,4,11,2,6,Saturday,April,15,1
1228,2020-04-12,2020,4,12,2,7,Sunday,April,15,1
1229,2020-04-13,2020,4,13,2,1,Monday,April,16,0
1230,2020-04-14,2020,4,14,2,2,Tuesday,April,16,0
1231,2020-04-15,2020,4,15,2,3,Wednesday,April,16,0
1232,2020-04-16,2020,4,16,2,4,Thursday,April,16,0
1233,2020-04-17,2020,4,17,2,5,Friday,April,16,0
1234,2020-04-18,2020,4,18,2,6,Saturday,April,16,1
1235,2020-04-19,2020,4,19,2,7,Sunday,April,16,1
1236,2020-04-20,2020,4,20,2,1,Monday,April,17,0
1237,2020-04-21,2020,4,21,2,2,Tuesday,April,17,0
1238,2020-04-22,2020,4,22,2,3,Wednesday,April,17,0
1239,2020-04-23,2020,4,23,2,4,Thursday,April,17,0
1240,2020-04-24,2020,4,24,2,5,Friday,April,17,0
1241,2020-04-25,2020,4,25,2,6,Saturday,April,17,1
1242,2020-04-26,2020,4,26,2,7,Sunday,April,17,1
1243,2020-04-27,2020,4,27,2,1,Monday,April,18,0
1244,2020-04-28,2020,4,28,2,2,Tuesday,April,18,0
1245,2020-04-29,2020,4,29,2,3,Wednesday,April,18,0
1246,2020-04-30,2020,4,30,2,4,Thursday,April,18,0
1247,2020-05-01,2020,5,1,2,5,Friday,May,18,0
1248,2020-05-02,2020,5,2,2,6,Saturday,May,18,1
1249,2020-05-03,2020,5,3,2,7,Sunday,May,18,1
1250,2020-05-04,2020,5,4,2,1,Monday,May,19,0
1251,2020-05-05,2020,5,5,2,2,Tuesday,May,19,0
1252,2020-05-06,2020,5,6,2,3,Wednesday,May,19,0
1253,2020-05-07,2020,5,7,2,4,Thursday,May,19,0
1254,2020-05-08,2020,5,8,2,5,Friday,May,19,0
