location_id,CODIGO DANE,DEPARTAMENTO,MUNICIPIO
1,91001000,AMAZONAS,LETICIA (CT)
2,91540000,AMAZONAS,PUERTO NARIÑO
3,5002000,ANTIOQUIA,ABEJORRAL
4,5004000,ANTIOQUIA,ABRIAQUÍ
5,5021000,ANTIOQUIA,ALEJANDRÍA
6,5030000,ANTIOQUIA,AMAGÁ
7,5031000,ANTIOQUIA,AMALFI
8,5034000,ANTIOQUIA,ANDES
9,5036000,ANTIOQUIA,ANGELÓPOLIS
10,5038000,ANTIOQUIA,ANGOSTURA
11,5040000,ANTIOQUIA,ANORÍ
12,5044000,ANTIOQUIA,ANZA
13,5045000,ANTIOQUIA,APARTADÓ
14,5051000,ANTIOQUIA,ARBOLETES
15,5055000,ANTIOQUIA,ARGELIA
16,5059000,ANTIOQUIA,ARMENIA
17,5079000,ANTIOQUIA,BARBOSA
18,5088000,ANTIOQUIA,BELLO
19,5086000,ANTIOQUIA,BELMIRA
20,5091000,ANTIOQUIA,BETANIA
21,5093000,ANTIOQUIA,BETULIA
22,5107000,ANTIOQUIA,BRICEÑO
23,5113000,ANTIOQUIA,BURITICÁ
24,5125000,ANTIOQUIA,CAICEDO
25,5129000,ANTIOQUIA,CALDAS
26,5134000,ANTIOQUIA,CAMPAMENTO
27,5142000,ANTIOQUIA,CARACOLÍ
28,5145000,ANTIOQUIA,CARAMANTA
29,5147000,ANTIOQUIA,CAREPA
30,5150000,ANTIOQUIA,CAROLINA
31,5154000,ANTIOQUIA,CAUCASIA
32,5138000,ANTIOQUIA,CAÑASGORDAS
33,5172000,ANTIOQUIA,CHIGORODÓ
34,5190000,ANTIOQUIA,CISNEROS
35,5101000,ANTIOQUIA,CIUDAD BOLÍVAR
36,5197000,ANTIOQUIA,COCORNÁ
37,5206000,ANTIOQUIA,CONCEPCIÓN
38,5209000,ANTIOQUIA,CONCORDIA
39,5212000,ANTIOQUIA,COPACABANA
40,5120000,ANTIOQUIA,CÁCERES
41,5234000,ANTIOQUIA,DABEIBA
42,5237000,ANTIOQUIA,DON MATÍAS
43,5240000,ANTIOQUIA,EBÉJICO
44,5250000,ANTIOQUIA,EL BAGRE
45,5148000,ANTIOQUIA,EL CARMEN DE VIBORAL
46,5697000,ANTIOQUIA,EL SANTUARIO
47,5264000,ANTIOQUIA,ENTRERRIOS
48,5266000,ANTIOQUIA,ENVIGADO
49,5282000,ANTIOQUIA,FREDONIA
50,5284000,ANTIOQUIA,FRONTINO
51,5306000,ANTIOQUIA,GIRALDO
52,5308000,ANTIOQUIA,GIRARDOTA
53,5313000,ANTIOQUIA,GRANADA
54,5315000,ANTIOQUIA,GUADALUPE
55,5318000,ANTIOQUIA,GUARNE
56,5321000,ANTIOQUIA,GUATAPÉ
57,5310000,ANTIOQUIA,GÓMEZ PLATA
58,5347000,ANTIOQUIA,HELICONIA
59,5353000,ANTIOQUIA,HISPANIA
60,5360000,ANTIOQUIA,ITAGUI
61,5361000,ANTIOQUIA,ITUANGO
62,5364000,ANTIOQUIA,JARDÍN
63,5368000,ANTIOQUIA,JERICÓ
64,5376000,ANTIOQUIA,LA CEJA
65,5380000,ANTIOQUIA,LA ESTRELLA
66,5390000,ANTIOQUIA,LA PINTADA
67,5400000,ANTIOQUIA,LA UNIÓN
68,5411000,ANTIOQUIA,LIBORINA
69,5425000,ANTIOQUIA,MACEO
70,5440000,ANTIOQUIA,MARINILLA
71,5001000,ANTIOQUIA,MEDELLÍN (CT)
72,5467000,ANTIOQUIA,MONTEBELLO
73,5475000,ANTIOQUIA,MURINDÓ
74,5480000,ANTIOQUIA,MUTATÁ
75,5483000,ANTIOQUIA,NARIÑO
76,5495000,ANTIOQUIA,NECHÍ
77,5490000,ANTIOQUIA,NECOCLÍ
78,5501000,ANTIOQUIA,OLAYA
79,5543000,ANTIOQUIA,PEQUE
80,5541000,ANTIOQUIA,PEÑOL
81,5576000,ANTIOQUIA,PUEBLORRICO
82,5579000,ANTIOQUIA,PUERTO BERRÍO
83,5585000,ANTIOQUIA,PUERTO NARE
84,5591000,ANTIOQUIA,PUERTO TRIUNFO
85,5604000,ANTIOQUIA,REMEDIOS
86,5607000,ANTIOQUIA,RETIRO
87,5615000,ANTIOQUIA,RIONEGRO
88,5628000,ANTIOQUIA,SABANALARGA
89,5631000,ANTIOQUIA,SABANETA
90,5642000,ANTIOQUIA,SALGAR
91,5647000,ANTIOQUIA,SAN ANDRÉS DE CUERQUÍA
92,5649000,ANTIOQUIA,SAN CARLOS
93,5652000,ANTIOQUIA,SAN FRANCISCO
94,5656000,ANTIOQUIA,SAN JERÓNIMO
95,5658000,ANTIOQUIA,SAN JOSÉ DE LA MONTAÑA
96,5659000,ANTIOQUIA,SAN JUAN DE URABÁ
97,5660000,ANTIOQUIA,SAN LUIS
98,5664000,ANTIOQUIA,SAN PEDRO
99,5665000,ANTIOQUIA,SAN PEDRO DE URABÁ
100,5667000,ANTIOQUIA,SAN RAFAEL
101,5670000,ANTIOQUIA,SAN ROQUE
102,5674000,ANTIOQUIA,SAN VICENTE
103,5679000,ANTIOQUIA,SANTA BÁRBARA
104,5686000,ANTIOQUIA,SANTA ROSA DE OSOS
105,5042000,ANTIOQUIA,SANTAFÉ DE ANTIOQUIA
106,5690000,ANTIOQUIA,SANTO DOMINGO
107,5736000,ANTIOQUIA,SEGOVIA
108,5756000,ANTIOQUIA,SONSON
109,5761000,ANTIOQUIA,SOPETRÁN
110,5790000,ANTIOQUIA,TARAZÁ
111,5792000,ANTIOQUIA,TARSO
112,5809000,ANTIOQUIA,TITIRIBÍ
113,5819000,ANTIOQUIA,TOLEDO
114,5837000,ANTIOQUIA,TURBO
115,5789000,ANTIOQUIA,TÁMESIS
116,5842000,ANTIOQUIA,URAMITA
117,5847000,ANTIOQUIA,URRAO
118,5854000,ANTIOQUIA,VALDIVIA
119,5856000,ANTIOQUIA,VALPARAÍSO
120,5858000,ANTIOQUIA,VEGACHÍ
121,5861000,ANTIOQUIA,VENECIA
122,5873000,ANTIOQUIA,VIGÍA DEL FUERTE
123,5885000,ANTIOQUIA,YALÍ
124,5887000,ANTIOQUIA,YARUMAL
125,5890000,ANTIOQUIA,YOLOMBÓ
126,5893000,ANTIOQUIA,YONDÓ
127,5895000,ANTIOQUIA,ZARAGOZA
128,81001000,ARAUCA,ARAUCA (CT)
129,81065000,ARAUCA,ARAUQUITA
130,81220000,ARAUCA,CRAVO NORTE
131,81300000,ARAUCA,FORTUL
132,81591000,ARAUCA,PUERTO RONDÓN
133,81736000,ARAUCA,SARAVENA
134,81794000,ARAUCA,TAME
135,8078000,ATLÁNTICO,BARANOA
136,8001000,ATLÁNTICO,BARRANQUILLA (CT)
137,8137000,ATLÁNTICO,CAMPO DE LA CRUZ
138,8141000,ATLÁNTICO,CANDELARIA
139,8296000,ATLÁNTICO,GALAPA
140,8372000,ATLÁNTICO,JUAN DE ACOSTA
141,8421000,ATLÁNTICO,LURUACO
142,8433000,ATLÁNTICO,MALAMBO
143,8436000,ATLÁNTICO,MANATÍ
144,8520000,ATLÁNTICO,PALMAR DE VARELA
145,8549000,ATLÁNTICO,PIOJÓ
146,8558000,ATLÁNTICO,POLONUEVO
147,8560000,ATLÁNTICO,PONEDERA
148,8573000,ATLÁNTICO,PUERTO COLOMBIA
149,8606000,ATLÁNTICO,REPELÓN
150,8634000,ATLÁNTICO,SABANAGRANDE
151,8638000,ATLÁNTICO,SABANALARGA
152,8675000,ATLÁNTICO,SANTA LUCÍA
153,8685000,ATLÁNTICO,SANTO TOMÁS
154,8758000,ATLÁNTICO,SOLEDAD
155,8770000,ATLÁNTICO,SUAN
156,8832000,ATLÁNTICO,TUBARÁ
157,8849000,ATLÁNTICO,USIACURÍ
158,13006000,BOLÍVAR,ACHÍ
159,13030000,BOLÍVAR,ALTOS DEL ROSARIO
160,13042000,BOLÍVAR,ARENAL
161,13052000,BOLÍVAR,ARJONA
162,13062000,BOLÍVAR,ARROYOHONDO
163,13074000,BOLÍVAR,BARRANCO DE LOBA
164,13140000,BOLÍVAR,CALAMAR
165,13160000,BOLÍVAR,CANTAGALLO
166,13001000,BOLÍVAR,CARTAGENA (CT)
167,13188000,BOLÍVAR,CICUCO
168,13222000,BOLÍVAR,CLEMENCIA
169,13212000,BOLÍVAR,CÓRDOBA
170,13244000,BOLÍVAR,EL CARMEN DE BOLÍVAR
171,13248000,BOLÍVAR,EL GUAMO
172,13268000,BOLÍVAR,EL PEÑÓN
173,13300000,BOLÍVAR,HATILLO DE LOBA
174,13430000,BOLÍVAR,MAGANGUÉ
175,13433000,BOLÍVAR,MAHATES
176,13440000,BOLÍVAR,MARGARITA
177,13442000,BOLÍVAR,MARÍA LA BAJA
178,13468000,BOLÍVAR,MOMPÓS
179,13458000,BOLÍVAR,MONTECRISTO
180,13473000,BOLÍVAR,MORALES
181,13490000,BOLÍVAR,NOROSÍ
182,13549000,BOLÍVAR,PINILLOS
183,13580000,BOLÍVAR,REGIDOR
184,13600000,BOLÍVAR,RÍO VIEJO
185,13620000,BOLÍVAR,SAN CRISTÓBAL
186,13647000,BOLÍVAR,SAN ESTANISLAO
187,13650000,BOLÍVAR,SAN FERNANDO
188,13654000,BOLÍVAR,SAN JACINTO
189,13657000,BOLÍVAR,SAN JUAN NEPOMUCENO
190,13667000,BOLÍVAR,SAN MARTÍN DE LOBA
191,13670000,BOLÍVAR,SAN PABLO
192,13673000,BOLÍVAR,SANTA CATALINA
193,13683000,BOLÍVAR,SANTA ROSA
194,13688000,BOLÍVAR,SANTA ROSA DEL SUR
195,13744000,BOLÍVAR,SIMITÍ
196,13760000,BOLÍVAR,SOPLAVIENTO
197,13780000,BOLÍVAR,TALAIGUA NUEVO
198,13810000,BOLÍVAR,TIQUISIO
199,13836000,BOLÍVAR,TURBACO
200,13838000,BOLÍVAR,TURBANÁ
201,13873000,BOLÍVAR,VILLANUEVA
202,13894000,BOLÍVAR,ZAMBRANO
203,15022000,BOYACÁ,ALMEIDA
204,15047000,BOYACÁ,AQUITANIA
205,15051000,BOYACÁ,ARCABUCO
206,15087000,BOYACÁ,BELÉN
207,15090000,BOYACÁ,BERBEO
208,15092000,BOYACÁ,BETÉITIVA
209,15097000,BOYACÁ,BOAVITA
210,15104000,BOYACÁ,BOYACÁ
211,15106000,BOYACÁ,BRICEÑO
212,15109000,BOYACÁ,BUENAVISTA
213,15114000,BOYACÁ,BUSBANZÁ
214,15131000,BOYACÁ,CALDAS
215,15135000,BOYACÁ,CAMPOHERMOSO
216,15162000,BOYACÁ,CERINZA
217,15172000,BOYACÁ,CHINAVITA
218,15176000,BOYACÁ,CHIQUINQUIRÁ
219,15180000,BOYACÁ,CHISCAS
220,15183000,BOYACÁ,CHITA
221,15185000,BOYACÁ,CHITARAQUE
222,15187000,BOYACÁ,CHIVATÁ
223,15236000,BOYACÁ,CHIVOR
224,15232000,BOYACÁ,CHÍQUIZA
225,15189000,BOYACÁ,CIÉNEGA
226,15212000,BOYACÁ,COPER
227,15215000,BOYACÁ,CORRALES
228,15218000,BOYACÁ,COVARACHÍA
229,15223000,BOYACÁ,CUBARÁ
230,15224000,BOYACÁ,CUCAITA
231,15226000,BOYACÁ,CUÍTIVA
232,15204000,BOYACÁ,CÓMBITA
233,15238000,BOYACÁ,DUITAMA
234,15244000,BOYACÁ,EL COCUY
235,15248000,BOYACÁ,EL ESPINO
236,15272000,BOYACÁ,FIRAVITOBA
237,15276000,BOYACÁ,FLORESTA
238,15293000,BOYACÁ,GACHANTIVÁ
239,15296000,BOYACÁ,GAMEZA
240,15299000,BOYACÁ,GARAGOA
241,15317000,BOYACÁ,GUACAMAYAS
242,15322000,BOYACÁ,GUATEQUE
243,15325000,BOYACÁ,GUAYATÁ
244,15332000,BOYACÁ,GÜICÁN
245,15362000,BOYACÁ,IZA
246,15367000,BOYACÁ,JENESANO
247,15368000,BOYACÁ,JERICÓ
248,15380000,BOYACÁ,LA CAPILLA
249,15403000,BOYACÁ,LA UVITA
250,15401000,BOYACÁ,LA VICTORIA
251,15377000,BOYACÁ,LABRANZAGRANDE
252,15425000,BOYACÁ,MACANAL
253,15442000,BOYACÁ,MARIPÍ
254,15455000,BOYACÁ,MIRAFLORES
255,15464000,BOYACÁ,MONGUA
256,15466000,BOYACÁ,MONGUÍ
257,15469000,BOYACÁ,MONIQUIRÁ
258,15476000,BOYACÁ,MOTAVITA
259,15480000,BOYACÁ,MUZO
260,15491000,BOYACÁ,NOBSA
261,15494000,BOYACÁ,NUEVO COLÓN
262,15500000,BOYACÁ,OICATÁ
263,15507000,BOYACÁ,OTANCHE
264,15511000,BOYACÁ,PACHAVITA
265,15516000,BOYACÁ,PAIPA
266,15518000,BOYACÁ,PAJARITO
267,15522000,BOYACÁ,PANQUEBA
268,15531000,BOYACÁ,PAUNA
269,15533000,BOYACÁ,PAYA
270,15537000,BOYACÁ,PAZ DE RÍO
271,15542000,BOYACÁ,PESCA
272,15550000,BOYACÁ,PISBA
273,15572000,BOYACÁ,PUERTO BOYACÁ
274,15514000,BOYACÁ,PÁEZ
275,15580000,BOYACÁ,QUÍPAMA
276,15599000,BOYACÁ,RAMIRIQUÍ
277,15621000,BOYACÁ,RONDÓN
278,15600000,BOYACÁ,RÁQUIRA
279,15632000,BOYACÁ,SABOYÁ
280,15646000,BOYACÁ,SAMACÁ
281,15660000,BOYACÁ,SAN EDUARDO
282,15664000,BOYACÁ,SAN JOSÉ DE PARE
283,15667000,BOYACÁ,SAN LUIS DE GACENO
284,15673000,BOYACÁ,SAN MATEO
285,15676000,BOYACÁ,SAN MIGUEL DE SEMA
286,15681000,BOYACÁ,SAN PABLO DE BORBUR
287,15690000,BOYACÁ,SANTA MARÍA
288,15693000,BOYACÁ,SANTA ROSA DE VITERBO
289,15696000,BOYACÁ,SANTA SOFÍA
290,15686000,BOYACÁ,SANTANA
291,15720000,BOYACÁ,SATIVANORTE
292,15723000,BOYACÁ,SATIVASUR
293,15740000,BOYACÁ,SIACHOQUE
294,15753000,BOYACÁ,SOATÁ
295,15757000,BOYACÁ,SOCHA
296,15755000,BOYACÁ,SOCOTÁ
297,15759000,BOYACÁ,SOGAMOSO
298,15761000,BOYACÁ,SOMONDOCO
299,15762000,BOYACÁ,SORA
300,15764000,BOYACÁ,SORACÁ
301,15763000,BOYACÁ,SOTAQUIRÁ
302,15774000,BOYACÁ,SUSACÓN
303,15776000,BOYACÁ,SUTAMARCHÁN
304,15778000,BOYACÁ,SUTATENZA
305,15638000,BOYACÁ,SÁCHICA
306,15790000,BOYACÁ,TASCO
307,15798000,BOYACÁ,TENZA
308,15804000,BOYACÁ,TIBANÁ
309,15806000,BOYACÁ,TIBASOSA
310,15808000,BOYACÁ,TINJACÁ
311,15810000,BOYACÁ,TIPACOQUE
312,15814000,BOYACÁ,TOCA
313,15816000,BOYACÁ,TOGÜÍ
314,15822000,BOYACÁ,TOTA
315,15001000,BOYACÁ,TUNJA (CT)
316,15832000,BOYACÁ,TUNUNGUÁ
317,15835000,BOYACÁ,TURMEQUÉ
318,15837000,BOYACÁ,TUTA
319,15839000,BOYACÁ,TUTAZÁ
320,15820000,BOYACÁ,TÓPAGA
321,15842000,BOYACÁ,UMBITA
322,15861000,BOYACÁ,VENTAQUEMADA
323,15407000,BOYACÁ,VILLA DE LEYVA
324,15879000,BOYACÁ,VIRACACHÁ
325,15897000,BOYACÁ,ZETAQUIRA
326,17013000,CALDAS,AGUADAS
327,17042000,CALDAS,ANSERMA
328,17050000,CALDAS,ARANZAZU
329,17088000,CALDAS,BELALCÁZAR
330,17174000,CALDAS,CHINCHINÁ
331,17272000,CALDAS,FILADELFIA
332,17380000,CALDAS,LA DORADA
333,17388000,CALDAS,LA MERCED
334,17001000,CALDAS,MANIZALES (CT)
335,17433000,CALDAS,MANZANARES
336,17442000,CALDAS,MARMATO
337,17444000,CALDAS,MARQUETALIA
338,17446000,CALDAS,MARULANDA
339,17486000,CALDAS,NEIRA
340,17495000,CALDAS,NORCASIA
341,17524000,CALDAS,PALESTINA
342,17541000,CALDAS,PENSILVANIA
343,17513000,CALDAS,PÁCORA
344,17614000,CALDAS,RIOSUCIO
345,17616000,CALDAS,RISARALDA
346,17653000,CALDAS,SALAMINA
347,17662000,CALDAS,SAMANÁ
348,17665000,CALDAS,SAN JOSÉ
349,17777000,CALDAS,SUPÍA
350,17867000,CALDAS,VICTORIA
351,17873000,CALDAS,VILLAMARÍA
352,17877000,CALDAS,VITERBO
353,18029000,CAQUETÁ,ALBANIA
354,18094000,CAQUETÁ,BELÉN DE LOS ANDAQUIES
355,18150000,CAQUETÁ,CARTAGENA DEL CHAIRÁ
356,18205000,CAQUETÁ,CURILLO
357,18247000,CAQUETÁ,EL DONCELLO
358,18256000,CAQUETÁ,EL PAUJIL
359,18001000,CAQUETÁ,FLORENCIA (CT)
360,18410000,CAQUETÁ,LA MONTAÑITA
361,18460000,CAQUETÁ,MILÁN
362,18479000,CAQUETÁ,MORELIA
363,18592000,CAQUETÁ,PUERTO RICO
364,18610000,CAQUETÁ,SAN JOSÉ DEL FRAGUA
365,18753000,CAQUETÁ,SAN VICENTE DEL CAGUÁN
366,18756000,CAQUETÁ,SOLANO
367,18785000,CAQUETÁ,SOLITA
368,18860000,CAQUETÁ,VALPARAÍSO
369,85010000,CASANARE,AGUAZUL
370,85015000,CASANARE,CHAMEZA
371,85125000,CASANARE,HATO COROZAL
372,85136000,CASANARE,LA SALINA
373,85139000,CASANARE,MANÍ
374,85162000,CASANARE,MONTERREY
375,85225000,CASANARE,NUNCHÍA
376,85230000,CASANARE,OROCUÉ
377,85250000,CASANARE,PAZ DE ARIPORO
378,85263000,CASANARE,PORE
379,85279000,CASANARE,RECETOR
380,85300000,CASANARE,SABANALARGA
381,85325000,CASANARE,SAN LUIS DE PALENQUE
382,85410000,CASANARE,TAURAMENA
383,85430000,CASANARE,TRINIDAD
384,85400000,CASANARE,TÁMARA
385,85440000,CASANARE,VILLANUEVA
386,85001000,CASANARE,YOPAL (CT)
387,19022000,CAUCA,ALMAGUER
388,19050000,CAUCA,ARGELIA
389,19075000,CAUCA,BALBOA
390,19100000,CAUCA,BOLÍVAR
391,19110000,CAUCA,BUENOS AIRES
392,19130000,CAUCA,CAJIBÍO
393,19137000,CAUCA,CALDONO
394,19142000,CAUCA,CALOTO
395,19212000,CAUCA,CORINTO
396,19256000,CAUCA,EL TAMBO
397,19290000,CAUCA,FLORENCIA
398,19300000,CAUCA,GUACHENÉ
399,19318000,CAUCA,GUAPI
400,19355000,CAUCA,INZÁ
401,19364000,CAUCA,JAMBALÓ
402,19392000,CAUCA,LA SIERRA
403,19397000,CAUCA,LA VEGA
404,19418000,CAUCA,LÓPEZ
405,19450000,CAUCA,MERCADERES
406,19455000,CAUCA,MIRANDA
407,19473000,CAUCA,MORALES
408,19513000,CAUCA,PADILLA
409,19517000,CAUCA,PAEZ
410,19532000,CAUCA,PATÍA
411,19533000,CAUCA,PIAMONTE
412,19548000,CAUCA,PIENDAMÓ
413,19001000,CAUCA,POPAYÁN (CT)
414,19573000,CAUCA,PUERTO TEJADA
415,19585000,CAUCA,PURACÉ
416,19622000,CAUCA,ROSAS
417,19693000,CAUCA,SAN SEBASTIÁN
418,19698000,CAUCA,SANTANDER DE QUILICHAO
419,19743000,CAUCA,SILVIA
420,19760000,CAUCA,SOTARA
421,19785000,CAUCA,SUCRE
422,19780000,CAUCA,SUÁREZ
423,19809000,CAUCA,TIMBIQUÍ
424,19807000,CAUCA,TIMBÍO
425,19821000,CAUCA,TORIBIO
426,19824000,CAUCA,TOTORÓ
427,19845000,CAUCA,VILLA RICA
428,20011000,CESAR,AGUACHICA
429,20013000,CESAR,AGUSTÍN CODAZZI
430,20032000,CESAR,ASTREA
431,20045000,CESAR,BECERRIL
432,20060000,CESAR,BOSCONIA
433,20175000,CESAR,CHIMICHAGUA
434,20178000,CESAR,CHIRIGUANÁ
435,20228000,CESAR,CURUMANÍ
436,20238000,CESAR,EL COPEY
437,20250000,CESAR,EL PASO
438,20295000,CESAR,GAMARRA
439,20310000,CESAR,GONZÁLEZ
440,20383000,CESAR,LA GLORIA
441,20400000,CESAR,LA JAGUA DE IBIRICO
442,20621000,CESAR,LA PAZ
443,20443000,CESAR,MANAURE
444,20517000,CESAR,PAILITAS
445,20550000,CESAR,PELAYA
446,20570000,CESAR,PUEBLO BELLO
447,20614000,CESAR,RÍO DE ORO
448,20710000,CESAR,SAN ALBERTO
449,20750000,CESAR,SAN DIEGO
450,20770000,CESAR,SAN MARTÍN
451,20787000,CESAR,TAMALAMEQUE
452,20001000,CESAR,VALLEDUPAR (CT)
453,27006000,CHOCÓ,ACANDÍ
454,27050000,CHOCÓ,ATRATO
455,27073000,CHOCÓ,BAGADÓ
456,27075000,CHOCÓ,BAHÍA SOLANO
457,27077000,CHOCÓ,BAJO BAUDÓ
458,27099000,CHOCÓ,BOJAYÁ
459,27205000,CHOCÓ,CONDOTO
460,27160000,CHOCÓ,CÉRTEGUI
461,27135000,CHOCÓ,EL CANTÓN DEL SAN PABLO
462,27245000,CHOCÓ,EL CARMEN DE ATRATO
463,27250000,CHOCÓ,EL LITORAL DEL SAN JUAN
464,27361000,CHOCÓ,ISTMINA
465,27372000,CHOCÓ,JURADÓ
466,27413000,CHOCÓ,LLORÓ
467,27425000,CHOCÓ,MEDIO ATRATO
468,27430000,CHOCÓ,MEDIO BAUDÓ
469,27450000,CHOCÓ,MEDIO SAN JUAN
470,27495000,CHOCÓ,NUQUÍ
471,27491000,CHOCÓ,NÓVITA
472,27001000,CHOCÓ,QUIBDÓ (CT)
473,27615000,CHOCÓ,RIOSUCIO
474,27580000,CHOCÓ,RÍO IRO
475,27600000,CHOCÓ,RÍO QUITO
476,27660000,CHOCÓ,SAN JOSÉ DEL PALMAR
477,27787000,CHOCÓ,TADÓ
478,27800000,CHOCÓ,UNGUÍA
479,27810000,CHOCÓ,UNIÓN PANAMERICANA
480,25001000,CUNDINAMARCA,AGUA DE DIOS
481,25019000,CUNDINAMARCA,ALBÁN
482,25035000,CUNDINAMARCA,ANAPOIMA
483,25040000,CUNDINAMARCA,ANOLAIMA
484,25599000,CUNDINAMARCA,APULO
485,25053000,CUNDINAMARCA,ARBELÁEZ
486,25086000,CUNDINAMARCA,BELTRÁN
487,25095000,CUNDINAMARCA,BITUIMA
488,11001000,CUNDINAMARCA,BOGOTÁ D.C. (CT)
489,25099000,CUNDINAMARCA,BOJACÁ
490,25120000,CUNDINAMARCA,CABRERA
491,25123000,CUNDINAMARCA,CACHIPAY
492,25126000,CUNDINAMARCA,CAJICÁ
493,25148000,CUNDINAMARCA,CAPARRAPÍ
494,25151000,CUNDINAMARCA,CAQUEZA
495,25154000,CUNDINAMARCA,CARMEN DE CARUPA
496,25168000,CUNDINAMARCA,CHAGUANÍ
497,25178000,CUNDINAMARCA,CHIPAQUE
498,25181000,CUNDINAMARCA,CHOACHÍ
499,25183000,CUNDINAMARCA,CHOCONTÁ
500,25175000,CUNDINAMARCA,CHÍA
501,25200000,CUNDINAMARCA,COGUA
502,25214000,CUNDINAMARCA,COTA
503,25224000,CUNDINAMARCA,CUCUNUBÁ
504,25245000,CUNDINAMARCA,EL COLEGIO
505,25258000,CUNDINAMARCA,EL PEÑÓN
506,25260000,CUNDINAMARCA,EL ROSAL
507,25269000,CUNDINAMARCA,FACATATIVÁ
508,25279000,CUNDINAMARCA,FOMEQUE
509,25281000,CUNDINAMARCA,FOSCA
510,25286000,CUNDINAMARCA,FUNZA
511,25290000,CUNDINAMARCA,FUSAGASUGÁ
512,25288000,CUNDINAMARCA,FÚQUENE
513,25293000,CUNDINAMARCA,GACHALA
514,25295000,CUNDINAMARCA,GACHANCIPÁ
515,25297000,CUNDINAMARCA,GACHETÁ
516,25299000,CUNDINAMARCA,GAMA
517,25307000,CUNDINAMARCA,GIRARDOT
518,25312000,CUNDINAMARCA,GRANADA
519,25317000,CUNDINAMARCA,GUACHETÁ
520,25320000,CUNDINAMARCA,GUADUAS
521,25322000,CUNDINAMARCA,GUASCA
522,25324000,CUNDINAMARCA,GUATAQUÍ
523,25326000,CUNDINAMARCA,GUATAVITA
524,25328000,CUNDINAMARCA,GUAYABAL DE SIQUIMA
525,25335000,CUNDINAMARCA,GUAYABETAL
526,25339000,CUNDINAMARCA,GUTIÉRREZ
527,25368000,CUNDINAMARCA,JERUSALÉN
528,25372000,CUNDINAMARCA,JUNÍN
529,25377000,CUNDINAMARCA,LA CALERA
530,25386000,CUNDINAMARCA,LA MESA
531,25394000,CUNDINAMARCA,LA PALMA
532,25398000,CUNDINAMARCA,LA PEÑA
533,25402000,CUNDINAMARCA,LA VEGA
534,25407000,CUNDINAMARCA,LENGUAZAQUE
535,25426000,CUNDINAMARCA,MACHETA
536,25430000,CUNDINAMARCA,MADRID
537,25436000,CUNDINAMARCA,MANTA
538,25438000,CUNDINAMARCA,MEDINA
539,25473000,CUNDINAMARCA,MOSQUERA
540,25483000,CUNDINAMARCA,NARIÑO
541,25486000,CUNDINAMARCA,NEMOCÓN
542,25488000,CUNDINAMARCA,NILO
543,25489000,CUNDINAMARCA,NIMAIMA
544,25491000,CUNDINAMARCA,NOCAIMA
545,25513000,CUNDINAMARCA,PACHO
546,25518000,CUNDINAMARCA,PAIME
547,25524000,CUNDINAMARCA,PANDI
548,25530000,CUNDINAMARCA,PARATEBUENO
549,25535000,CUNDINAMARCA,PASCA
550,25572000,CUNDINAMARCA,PUERTO SALGAR
551,25580000,CUNDINAMARCA,PULÍ
552,25592000,CUNDINAMARCA,QUEBRADANEGRA
553,25594000,CUNDINAMARCA,QUETAME
554,25596000,CUNDINAMARCA,QUIPILE
555,25612000,CUNDINAMARCA,RICAURTE
556,25645000,CUNDINAMARCA,SAN ANTONIO DEL TEQUENDAMA
557,25649000,CUNDINAMARCA,SAN BERNARDO
558,25653000,CUNDINAMARCA,SAN CAYETANO
559,25658000,CUNDINAMARCA,SAN FRANCISCO
560,25662000,CUNDINAMARCA,SAN JUAN DE RÍO SECO
561,25718000,CUNDINAMARCA,SASAIMA
562,25736000,CUNDINAMARCA,SESQUILÉ
563,25740000,CUNDINAMARCA,SIBATÉ
564,25743000,CUNDINAMARCA,SILVANIA
565,25745000,CUNDINAMARCA,SIMIJACA
566,25754000,CUNDINAMARCA,SOACHA
567,25758000,CUNDINAMARCA,SOPÓ
568,25769000,CUNDINAMARCA,SUBACHOQUE
569,25772000,CUNDINAMARCA,SUESCA
570,25777000,CUNDINAMARCA,SUPATÁ
571,25779000,CUNDINAMARCA,SUSA
572,25781000,CUNDINAMARCA,SUTATAUSA
573,25785000,CUNDINAMARCA,TABIO
574,25793000,CUNDINAMARCA,TAUSA
575,25797000,CUNDINAMARCA,TENA
576,25799000,CUNDINAMARCA,TENJO
577,25805000,CUNDINAMARCA,TIBACUY
578,25807000,CUNDINAMARCA,TIBIRITA
579,25815000,CUNDINAMARCA,TOCAIMA
580,25817000,CUNDINAMARCA,TOCANCIPÁ
581,25823000,CUNDINAMARCA,TOPAIPÍ
582,25839000,CUNDINAMARCA,UBALÁ
583,25841000,CUNDINAMARCA,UBAQUE
584,25845000,CUNDINAMARCA,UNE
585,25506000,CUNDINAMARCA,VENECIA
586,25862000,CUNDINAMARCA,VERGARA
587,25867000,CUNDINAMARCA,VIANÍ
588,25843000,CUNDINAMARCA,VILLA DE SAN DIEGO DE UBATE
589,25871000,CUNDINAMARCA,VILLAGÓMEZ
590,25873000,CUNDINAMARCA,VILLAPINZÓN
591,25875000,CUNDINAMARCA,VILLETA
592,25878000,CUNDINAMARCA,VIOTÁ
593,25885000,CUNDINAMARCA,YACOPÍ
594,25898000,CUNDINAMARCA,ZIPACÓN
595,25899000,CUNDINAMARCA,ZIPAQUIRÁ
596,25851000,CUNDINAMARCA,ÚTICA
597,23068000,CÓRDOBA,AYAPEL
598,23079000,CÓRDOBA,BUENAVISTA
599,23090000,CÓRDOBA,CANALETE
600,23162000,CÓRDOBA,CERETÉ
601,23168000,CÓRDOBA,CHIMÁ
602,23182000,CÓRDOBA,CHINÚ
603,23189000,CÓRDOBA,CIÉNAGA DE ORO
604,23300000,CÓRDOBA,COTORRA
605,23350000,CÓRDOBA,LA APARTADA
606,23417000,CÓRDOBA,LORICA
607,23419000,CÓRDOBA,LOS CÓRDOBAS
608,23464000,CÓRDOBA,MOMIL
609,23466000,CÓRDOBA,MONTELÍBANO
610,23001000,CÓRDOBA,MONTERÍA (CT)
611,23500000,CÓRDOBA,MOÑITOS
612,23555000,CÓRDOBA,PLANETA RICA
613,23570000,CÓRDOBA,PUEBLO NUEVO
614,23574000,CÓRDOBA,PUERTO ESCONDIDO
615,23580000,CÓRDOBA,PUERTO LIBERTADOR
616,23586000,CÓRDOBA,PURÍSIMA
617,23660000,CÓRDOBA,SAHAGÚN
618,23670000,CÓRDOBA,SAN ANDRÉS SOTAVENTO
619,23672000,CÓRDOBA,SAN ANTERO
620,23675000,CÓRDOBA,SAN BERNARDO DEL VIENTO
621,23678000,CÓRDOBA,SAN CARLOS
622,23682000,CÓRDOBA,SAN JOSÉ DE URÉ
623,23686000,CÓRDOBA,SAN PELAYO
624,23807000,CÓRDOBA,TIERRALTA
625,23815000,CÓRDOBA,TUCHÍN
626,23855000,CÓRDOBA,VALENCIA
627,94001000,GUAINÍA,INÍRIDA (CT)
628,44035000,GUAJIRA,ALBANIA
629,44078000,GUAJIRA,BARRANCAS
630,44090000,GUAJIRA,DIBULLA
631,44098000,GUAJIRA,DISTRACCIÓN
632,44110000,GUAJIRA,EL MOLINO
633,44279000,GUAJIRA,FONSECA
634,44378000,GUAJIRA,HATONUEVO
635,44420000,GUAJIRA,LA JAGUA DEL PILAR
636,44430000,GUAJIRA,MAICAO
637,44560000,GUAJIRA,MANAURE
638,44001000,GUAJIRA,RIOHACHA (CT)
639,44650000,GUAJIRA,SAN JUAN DEL CESAR
640,44847000,GUAJIRA,URIBIA
641,44855000,GUAJIRA,URUMITA
642,44874000,GUAJIRA,VILLANUEVA
643,95015000,GUAVIARE,CALAMAR
644,95025000,GUAVIARE,EL RETORNO
645,95200000,GUAVIARE,MIRAFLORES
646,95001000,GUAVIARE,SAN JOSÉ DEL GUAVIARE (CT)
647,41006000,HUILA,ACEVEDO
648,41013000,HUILA,AGRADO
649,41016000,HUILA,AIPE
650,41020000,HUILA,ALGECIRAS
651,41026000,HUILA,ALTAMIRA
652,41078000,HUILA,BARAYA
653,41132000,HUILA,CAMPOALEGRE
654,41206000,HUILA,COLOMBIA
655,41244000,HUILA,ELÍAS
656,41298000,HUILA,GARZÓN
657,41306000,HUILA,GIGANTE
658,41319000,HUILA,GUADALUPE
659,41349000,HUILA,HOBO
660,41357000,HUILA,IQUIRA
661,41359000,HUILA,ISNOS
662,41378000,HUILA,LA ARGENTINA
663,41396000,HUILA,LA PLATA
664,41001000,HUILA,NEIVA (CT)
665,41483000,HUILA,NÁTAGA
666,41503000,HUILA,OPORAPA
667,41518000,HUILA,PAICOL
668,41524000,HUILA,PALERMO
669,41530000,HUILA,PALESTINA
670,41548000,HUILA,PITAL
671,41551000,HUILA,PITALITO
672,41615000,HUILA,RIVERA
673,41660000,HUILA,SALADOBLANCO
674,41668000,HUILA,SAN AGUSTÍN
675,41676000,HUILA,SANTA MARÍA
676,41770000,HUILA,SUAZA
677,41791000,HUILA,TARQUI
678,41799000,HUILA,TELLO
679,41801000,HUILA,TERUEL
680,41797000,HUILA,TESALIA
681,41807000,HUILA,TIMANÁ
682,41872000,HUILA,VILLAVIEJA
683,41885000,HUILA,YAGUARÁ
684,47030000,MAGDALENA,ALGARROBO
685,47053000,MAGDALENA,ARACATACA
686,47058000,MAGDALENA,ARIGUANÍ
687,47161000,MAGDALENA,CERRO SAN ANTONIO
688,47170000,MAGDALENA,CHIBOLO
689,47189000,MAGDALENA,CIÉNAGA
690,47205000,MAGDALENA,CONCORDIA
691,47245000,MAGDALENA,EL BANCO
692,47258000,MAGDALENA,EL PIÑON
693,47268000,MAGDALENA,EL RETÉN
694,47288000,MAGDALENA,FUNDACIÓN
695,47318000,MAGDALENA,GUAMAL
696,47460000,MAGDALENA,NUEVA GRANADA
697,47541000,MAGDALENA,PEDRAZA
698,47545000,MAGDALENA,PIJIÑO DEL CARMEN
699,47551000,MAGDALENA,PIVIJAY
700,47555000,MAGDALENA,PLATO
701,47570000,MAGDALENA,PUEBLOVIEJO
702,47605000,MAGDALENA,REMOLINO
703,47660000,MAGDALENA,SABANAS DE SAN ANGEL
704,47675000,MAGDALENA,SALAMINA
705,47692000,MAGDALENA,SAN SEBASTIÁN DE BUENAVISTA
706,47703000,MAGDALENA,SAN ZENÓN
707,47707000,MAGDALENA,SANTA ANA
708,47720000,MAGDALENA,SANTA BÁRBARA DE PINTO
709,47001000,MAGDALENA,SANTA MARTA (CT)
710,47745000,MAGDALENA,SITIONUEVO
711,47798000,MAGDALENA,TENERIFE
712,47960000,MAGDALENA,ZAPAYÁN
713,47980000,MAGDALENA,ZONA BANANERA
714,50006000,META,ACACÍAS
715,50110000,META,BARRANCA DE UPÍA
716,50124000,META,CABUYARO
717,50150000,META,CASTILLA LA NUEVA
718,50223000,META,CUBARRAL
719,50226000,META,CUMARAL
720,50245000,META,EL CALVARIO
721,50251000,META,EL CASTILLO
722,50270000,META,EL DORADO
723,50287000,META,FUENTE DE ORO
724,50313000,META,GRANADA
725,50318000,META,GUAMAL
726,50350000,META,LA MACARENA
727,50400000,META,LEJANÍAS
728,50325000,META,MAPIRIPÁN
729,50330000,META,MESETAS
730,50450000,META,PUERTO CONCORDIA
731,50568000,META,PUERTO GAITÁN
732,50577000,META,PUERTO LLERAS
733,50573000,META,PUERTO LÓPEZ
734,50590000,META,PUERTO RICO
735,50606000,META,RESTREPO
736,50680000,META,SAN CARLOS DE GUAROA
737,50683000,META,SAN JUAN DE ARAMA
738,50686000,META,SAN JUANITO
739,50689000,META,SAN MARTÍN
740,50370000,META,URIBE
741,50001000,META,VILLAVICENCIO (CT)
742,50711000,META,VISTAHERMOSA
743,52019000,NARIÑO,ALBÁN
744,52022000,NARIÑO,ALDANA
745,52036000,NARIÑO,ANCUYÁ
746,52051000,NARIÑO,ARBOLEDA
747,52079000,NARIÑO,BARBACOAS
748,52083000,NARIÑO,BELÉN
749,52110000,NARIÑO,BUESACO
750,52240000,NARIÑO,CHACHAGÜÍ
751,52203000,NARIÑO,COLÓN
752,52207000,NARIÑO,CONSACA
753,52210000,NARIÑO,CONTADERO
754,52224000,NARIÑO,CUASPUD
755,52227000,NARIÑO,CUMBAL
756,52233000,NARIÑO,CUMBITARA
757,52215000,NARIÑO,CÓRDOBA
758,52250000,NARIÑO,EL CHARCO
759,52254000,NARIÑO,EL PEÑOL
760,52256000,NARIÑO,EL ROSARIO
761,52258000,NARIÑO,EL TABLÓN DE GÓMEZ
762,52260000,NARIÑO,EL TAMBO
763,52520000,NARIÑO,FRANCISCO PIZARRO
764,52287000,NARIÑO,FUNES
765,52317000,NARIÑO,GUACHUCAL
766,52320000,NARIÑO,GUAITARILLA
767,52323000,NARIÑO,GUALMATÁN
768,52352000,NARIÑO,ILES
769,52354000,NARIÑO,IMUÉS
770,52356000,NARIÑO,IPIALES
771,52378000,NARIÑO,LA CRUZ
772,52381000,NARIÑO,LA FLORIDA
773,52385000,NARIÑO,LA LLANADA
774,52390000,NARIÑO,LA TOLA
775,52399000,NARIÑO,LA UNIÓN
776,52405000,NARIÑO,LEIVA
777,52411000,NARIÑO,LINARES
778,52418000,NARIÑO,LOS ANDES
779,52427000,NARIÑO,MAGÜI
780,52435000,NARIÑO,MALLAMA
781,52473000,NARIÑO,MOSQUERA
782,52480000,NARIÑO,NARIÑO
783,52490000,NARIÑO,OLAYA HERRERA
784,52506000,NARIÑO,OSPINA
785,52001000,NARIÑO,PASTO (CT)
786,52540000,NARIÑO,POLICARPA
787,52560000,NARIÑO,POTOSÍ
788,52573000,NARIÑO,PUERRES
789,52585000,NARIÑO,PUPIALES
790,52612000,NARIÑO,RICAURTE
791,52621000,NARIÑO,ROBERTO PAYÁN
792,52678000,NARIÑO,SAMANIEGO
793,52835000,NARIÑO,SAN ANDRES DE TUMACO
794,52685000,NARIÑO,SAN BERNARDO
795,52687000,NARIÑO,SAN LORENZO
796,52693000,NARIÑO,SAN PABLO
797,52694000,NARIÑO,SAN PEDRO DE CARTAGO
798,52683000,NARIÑO,SANDONÁ
799,52696000,NARIÑO,SANTA BÁRBARA
800,52699000,NARIÑO,SANTACRUZ
801,52720000,NARIÑO,SAPUYES
802,52786000,NARIÑO,TAMINANGO
803,52788000,NARIÑO,TANGUA
804,52838000,NARIÑO,TÚQUERRES
805,52885000,NARIÑO,YACUANQUER
806,54003000,NORTE DE SANTANDER,ABREGO
807,54051000,NORTE DE SANTANDER,ARBOLEDAS
808,54099000,NORTE DE SANTANDER,BOCHALEMA
809,54109000,NORTE DE SANTANDER,BUCARASICA
810,54128000,NORTE DE SANTANDER,CACHIRÁ
811,54172000,NORTE DE SANTANDER,CHINÁCOTA
812,54174000,NORTE DE SANTANDER,CHITAGÁ
813,54206000,NORTE DE SANTANDER,CONVENCIÓN
814,54223000,NORTE DE SANTANDER,CUCUTILLA
815,54125000,NORTE DE SANTANDER,CÁCOTA
816,54001000,NORTE DE SANTANDER,CÚCUTA (CT)
817,54239000,NORTE DE SANTANDER,DURANIA
818,54245000,NORTE DE SANTANDER,EL CARMEN
819,54250000,NORTE DE SANTANDER,EL TARRA
820,54261000,NORTE DE SANTANDER,EL ZULIA
821,54313000,NORTE DE SANTANDER,GRAMALOTE
822,54344000,NORTE DE SANTANDER,HACARÍ
823,54347000,NORTE DE SANTANDER,HERRÁN
824,54385000,NORTE DE SANTANDER,LA ESPERANZA
825,54398000,NORTE DE SANTANDER,LA PLAYA
826,54405000,NORTE DE SANTANDER,LOS PATIOS
827,54418000,NORTE DE SANTANDER,LOURDES
828,54480000,NORTE DE SANTANDER,MUTISCUA
829,54498000,NORTE DE SANTANDER,OCAÑA
830,54518000,NORTE DE SANTANDER,PAMPLONA
831,54520000,NORTE DE SANTANDER,PAMPLONITA
832,54553000,NORTE DE SANTANDER,PUERTO SANTANDER
833,54599000,NORTE DE SANTANDER,RAGONVALIA
834,54660000,NORTE DE SANTANDER,SALAZAR
835,54670000,NORTE DE SANTANDER,SAN CALIXTO
836,54673000,NORTE DE SANTANDER,SAN CAYETANO
837,54680000,NORTE DE SANTANDER,SANTIAGO
838,54720000,NORTE DE SANTANDER,SARDINATA
839,54743000,NORTE DE SANTANDER,SILOS
840,54800000,NORTE DE SANTANDER,TEORAMA
841,54810000,NORTE DE SANTANDER,TIBÚ
842,54820000,NORTE DE SANTANDER,TOLEDO
843,54871000,NORTE DE SANTANDER,VILLA CARO
844,54874000,NORTE DE SANTANDER,VILLA DEL ROSARIO
845,86219000,PUTUMAYO,COLÓN
846,86001000,PUTUMAYO,MOCOA (CT)
847,86320000,PUTUMAYO,ORITO
848,86568000,PUTUMAYO,PUERTO ASÍS
849,86569000,PUTUMAYO,PUERTO CAICEDO
850,86571000,PUTUMAYO,PUERTO GUZMÁN
851,86573000,PUTUMAYO,PUERTO LEGUÍZAMO
852,86755000,PUTUMAYO,SAN FRANCISCO
853,86757000,PUTUMAYO,SAN MIGUEL
854,86760000,PUTUMAYO,SANTIAGO
855,86749000,PUTUMAYO,SIBUNDOY
856,86865000,PUTUMAYO,VALLE DEL GUAMUEZ
857,86885000,PUTUMAYO,VILLAGARZÓN
858,63001000,QUINDÍO,ARMENIA (CT)
859,63111000,QUINDÍO,BUENAVISTA
860,63130000,QUINDÍO,CALARCA
861,63190000,QUINDÍO,CIRCASIA
862,63212000,QUINDÍO,CÓRDOBA
863,63272000,QUINDÍO,FILANDIA
864,63302000,QUINDÍO,GÉNOVA
865,63401000,QUINDÍO,LA TEBAIDA
866,63470000,QUINDÍO,MONTENEGRO
867,63548000,QUINDÍO,PIJAO
868,63594000,QUINDÍO,QUIMBAYA
869,63690000,QUINDÍO,SALENTO
870,66045000,RISARALDA,APÍA
871,66075000,RISARALDA,BALBOA
872,66088000,RISARALDA,BELÉN DE UMBRÍA
873,66170000,RISARALDA,DOSQUEBRADAS
874,66318000,RISARALDA,GUÁTICA
875,66383000,RISARALDA,LA CELIA
876,66400000,RISARALDA,LA VIRGINIA
877,66440000,RISARALDA,MARSELLA
878,66456000,RISARALDA,MISTRATÓ
879,66001000,RISARALDA,PEREIRA (CT)
880,66572000,RISARALDA,PUEBLO RICO
881,66594000,RISARALDA,QUINCHÍA
882,66682000,RISARALDA,SANTA ROSA DE CABAL
883,66687000,RISARALDA,SANTUARIO
884,88564000,SAN ANDRÉS,PROVIDENCIA
885,88001000,SAN ANDRÉS,SAN ANDRÉS (CT)
886,68013000,SANTANDER,AGUADA
887,68020000,SANTANDER,ALBANIA
888,68051000,SANTANDER,ARATOCA
889,68077000,SANTANDER,BARBOSA
890,68079000,SANTANDER,BARICHARA
891,68081000,SANTANDER,BARRANCABERMEJA
892,68092000,SANTANDER,BETULIA
893,68101000,SANTANDER,BOLÍVAR
894,68001000,SANTANDER,BUCARAMANGA (CT)
895,68121000,SANTANDER,CABRERA
896,68132000,SANTANDER,CALIFORNIA
897,68147000,SANTANDER,CAPITANEJO
898,68152000,SANTANDER,CARCASÍ
899,68160000,SANTANDER,CEPITÁ
900,68162000,SANTANDER,CERRITO
901,68167000,SANTANDER,CHARALÁ
902,68169000,SANTANDER,CHARTA
903,68176000,SANTANDER,CHIMA
904,68179000,SANTANDER,CHIPATÁ
905,68190000,SANTANDER,CIMITARRA
906,68207000,SANTANDER,CONCEPCIÓN
907,68209000,SANTANDER,CONFINES
908,68211000,SANTANDER,CONTRATACIÓN
909,68217000,SANTANDER,COROMORO
910,68229000,SANTANDER,CURITÍ
911,68235000,SANTANDER,EL CARMEN DE CHUCURÍ
912,68245000,SANTANDER,EL GUACAMAYO
913,68250000,SANTANDER,EL PEÑÓN
914,68255000,SANTANDER,EL PLAYÓN
915,68264000,SANTANDER,ENCINO
916,68266000,SANTANDER,ENCISO
917,68276000,SANTANDER,FLORIDABLANCA
918,68271000,SANTANDER,FLORIÁN
919,68296000,SANTANDER,GALÁN
920,68298000,SANTANDER,GAMBITA
921,68307000,SANTANDER,GIRÓN
922,68318000,SANTANDER,GUACA
923,68320000,SANTANDER,GUADALUPE
924,68322000,SANTANDER,GUAPOTÁ
925,68324000,SANTANDER,GUAVATÁ
926,68327000,SANTANDER,GÜEPSA
927,68344000,SANTANDER,HATO
928,68368000,SANTANDER,JESÚS MARÍA
929,68370000,SANTANDER,JORDÁN
930,68377000,SANTANDER,LA BELLEZA
931,68397000,SANTANDER,LA PAZ
932,68385000,SANTANDER,LANDÁZURI
933,68406000,SANTANDER,LEBRIJA
934,68418000,SANTANDER,LOS SANTOS
935,68425000,SANTANDER,MACARAVITA
936,68444000,SANTANDER,MATANZA
937,68464000,SANTANDER,MOGOTES
938,68468000,SANTANDER,MOLAGAVITA
939,68432000,SANTANDER,MÁLAGA
940,68498000,SANTANDER,OCAMONTE
941,68500000,SANTANDER,OIBA
942,68502000,SANTANDER,ONZAGA
943,68522000,SANTANDER,PALMAR
944,68524000,SANTANDER,PALMAS DEL SOCORRO
945,68547000,SANTANDER,PIEDECUESTA
946,68549000,SANTANDER,PINCHOTE
947,68572000,SANTANDER,PUENTE NACIONAL
948,68573000,SANTANDER,PUERTO PARRA
949,68575000,SANTANDER,PUERTO WILCHES
950,68533000,SANTANDER,PÁRAMO
951,68615000,SANTANDER,RIONEGRO
952,68655000,SANTANDER,SABANA DE TORRES
953,68669000,SANTANDER,SAN ANDRÉS
954,68673000,SANTANDER,SAN BENITO
955,68679000,SANTANDER,SAN GIL
956,68682000,SANTANDER,SAN JOAQUÍN
957,68684000,SANTANDER,SAN JOSÉ DE MIRANDA
958,68686000,SANTANDER,SAN MIGUEL
959,68689000,SANTANDER,SAN VICENTE DE CHUCURÍ
960,68705000,SANTANDER,SANTA BÁRBARA
961,68720000,SANTANDER,SANTA HELENA DEL OPÓN
962,68745000,SANTANDER,SIMACOTA
963,68755000,SANTANDER,SOCORRO
964,68770000,SANTANDER,SUAITA
965,68773000,SANTANDER,SUCRE
966,68780000,SANTANDER,SURATÁ
967,68820000,SANTANDER,TONA
968,68855000,SANTANDER,VALLE DE SAN JOSÉ
969,68867000,SANTANDER,VETAS
970,68872000,SANTANDER,VILLANUEVA
971,68861000,SANTANDER,VÉLEZ
972,68895000,SANTANDER,ZAPATOCA
973,70110000,SUCRE,BUENAVISTA
974,70124000,SUCRE,CAIMITO
975,70230000,SUCRE,CHALÁN
976,70204000,SUCRE,COLOSO
977,70215000,SUCRE,COROZAL
978,70221000,SUCRE,COVEÑAS
979,70233000,SUCRE,EL ROBLE
980,70235000,SUCRE,GALERAS
981,70265000,SUCRE,GUARANDA
982,70400000,SUCRE,LA UNIÓN
983,70418000,SUCRE,LOS PALMITOS
984,70429000,SUCRE,MAJAGUAL
985,70473000,SUCRE,MORROA
986,70508000,SUCRE,OVEJAS
987,70523000,SUCRE,PALMITO
988,70670000,SUCRE,SAMPUÉS
989,70678000,SUCRE,SAN BENITO ABAD
990,70702000,SUCRE,SAN JUAN DE BETULIA
991,70742000,SUCRE,SAN LUIS DE SINCÉ
992,70708000,SUCRE,SAN MARCOS
993,70713000,SUCRE,SAN ONOFRE
994,70717000,SUCRE,SAN PEDRO
995,70820000,SUCRE,SANTIAGO DE TOLÚ
996,70001000,SUCRE,SINCELEJO (CT)
997,70771000,SUCRE,SUCRE
998,70823000,SUCRE,TOLÚ VIEJO
999,73024000,TOLIMA,ALPUJARRA
1000,73026000,TOLIMA,ALVARADO
1001,73030000,TOLIMA,AMBALEMA
1002,73043000,TOLIMA,ANZOÁTEGUI
1003,73055000,TOLIMA,ARMERO
1004,73067000,TOLIMA,ATACO
1005,73124000,TOLIMA,CAJAMARCA
1006,73148000,TOLIMA,CARMEN DE APICALÁ
1007,73152000,TOLIMA,CASABIANCA
1008,73168000,TOLIMA,CHAPARRAL
1009,73200000,TOLIMA,COELLO
1010,73217000,TOLIMA,COYAIMA
1011,73226000,TOLIMA,CUNDAY
1012,73236000,TOLIMA,DOLORES
1013,73268000,TOLIMA,ESPINAL
1014,73270000,TOLIMA,FALAN
1015,73275000,TOLIMA,FLANDES
1016,73283000,TOLIMA,FRESNO
1017,73319000,TOLIMA,GUAMO
1018,73347000,TOLIMA,HERVEO
1019,73349000,TOLIMA,HONDA
1020,73001000,TOLIMA,IBAGUÉ (CT)
1021,73352000,TOLIMA,ICONONZO
1022,73408000,TOLIMA,LÉRIDA
1023,73411000,TOLIMA,LÍBANO
1024,73443000,TOLIMA,MARIQUITA
1025,73449000,TOLIMA,MELGAR
1026,73461000,TOLIMA,MURILLO
1027,73483000,TOLIMA,NATAGAIMA
1028,73504000,TOLIMA,ORTEGA
1029,73520000,TOLIMA,PALOCABILDO
1030,73547000,TOLIMA,PIEDRAS
1031,73555000,TOLIMA,PLANADAS
1032,73563000,TOLIMA,PRADO
1033,73585000,TOLIMA,PURIFICACIÓN
1034,73616000,TOLIMA,RIOBLANCO
1035,73622000,TOLIMA,RONCESVALLES
1036,73624000,TOLIMA,ROVIRA
1037,73671000,TOLIMA,SALDAÑA
1038,73675000,TOLIMA,SAN ANTONIO
1039,73678000,TOLIMA,SAN LUIS
1040,73686000,TOLIMA,SANTA ISABEL
1041,73770000,TOLIMA,SUÁREZ
1042,73854000,TOLIMA,VALLE DE SAN JUAN
1043,73861000,TOLIMA,VENADILLO
1044,73870000,TOLIMA,VILLAHERMOSA
1045,73873000,TOLIMA,VILLARRICA
1046,76020000,VALLE,ALCALÁ
1047,76036000,VALLE,ANDALUCÍA
1048,76041000,VALLE,ANSERMANUEVO
1049,76054000,VALLE,ARGELIA
1050,76100000,VALLE,BOLÍVAR
1051,76109000,VALLE,BUENAVENTURA
1052,76113000,VALLE,BUGALAGRANDE
1053,76122000,VALLE,CAICEDONIA
1054,76001000,VALLE,CALI (CT)
1055,76126000,VALLE,CALIMA
1056,76130000,VALLE,CANDELARIA
1057,76147000,VALLE,CARTAGO
1058,76233000,VALLE,DAGUA
1059,76246000,VALLE,EL CAIRO
1060,76248000,VALLE,EL CERRITO
1061,76250000,VALLE,EL DOVIO
1062,76243000,VALLE,EL ÁGUILA
1063,76275000,VALLE,FLORIDA
1064,76306000,VALLE,GINEBRA
1065,76318000,VALLE,GUACARÍ
1066,76111000,VALLE,GUADALAJARA DE BUGA
1067,76364000,VALLE,JAMUNDÍ
1068,76377000,VALLE,LA CUMBRE
1069,76400000,VALLE,LA UNIÓN
1070,76403000,VALLE,LA VICTORIA
1071,76497000,VALLE,OBANDO
1072,76520000,VALLE,PALMIRA
1073,76563000,VALLE,PRADERA
1074,76606000,VALLE,RESTREPO
1075,76616000,VALLE,RIOFRÍO
1076,76622000,VALLE,ROLDANILLO
1077,76670000,VALLE,SAN PEDRO
1078,76736000,VALLE,SEVILLA
1079,76823000,VALLE,TORO
1080,76828000,VALLE,TRUJILLO
1081,76834000,VALLE,TULUÁ
1082,76845000,VALLE,ULLOA
1083,76863000,VALLE,VERSALLES
1084,76869000,VALLE,VIJES
1085,76890000,VALLE,YOTOCO
1086,76892000,VALLE,YUMBO
1087,76895000,VALLE,ZARZAL
1088,97161000,VAUPÉS,CARURU
1089,97001000,VAUPÉS,MITÚ (CT)
1090,97666000,VAUPÉS,TARAIRA
1091,99773000,VICHADA,CUMARIBO
1092,99524000,VICHADA,LA PRIMAVERA
1093,99001000,VICHADA,PUERTO CARREÑO (CT)
1094,99624000,VICHADA,SANTA ROSALÍA
